Molecule_ChEMBL_ID,Smiles,Standard_Value,Unit
CHEMBL2051983,CO[C@H]1O[C@H](C)[C@@H](N[C@H]2C[C@](O)(CO)[C@@H](O)[C@H](O)[C@H]2O)[C@H](O)[C@H]1O,4.9,nM
CHEMBL2374254,OC[C@@]1(O)C[C@H](NC[C@H](O)c2ccccc2)[C@H](O)[C@H](O)[C@H]1O,5.8,nM
CHEMBL3349432,OC[C@@]1(O)C[C@H](N[C@@H]2CCCC[C@H]2O)[C@H](O)[C@@H](O)[C@@H]1O,6.1,nM
CHEMBL2374253,OC[C@H](N[C@H]1C[C@](O)(CO)[C@@H](O)[C@H](O)[C@H]1O)c1ccccc1,13,nM
CHEMBL3349431,OCN(CO)[C@H]1C[C@](O)(CO)[C@@H](O)[C@H](O)[C@H]1O,15,nM
CHEMBL2051761,C[C@H]1C[C@H](N)[C@H](O)[C@@H](O)[C@@H]1N[C@H]1C[C@](O)(CO)[C@@H](O)[C@H](O)[C@H]1O,28,nM
CHEMBL501355,OC[C@H]1N[C@H](CO)[C@@H](O)[C@H](O)[C@H]1O,40,nM
CHEMBL3349442,CC(C)(C)c1cc(CN[C@H]2C[C@](O)(CO)[C@@H](O)[C@H](O)[C@H]2O)cc(C(C)(C)C)c1O,43,nM
CHEMBL2442258,CN1[C@H](CO)[C@H](O)[C@@H](O)[C@H](O)[C@H]1CO,60,nM
CHEMBL2051762,C[C@H]1C[C@H](O)[C@H](O)[C@@H](O)[C@H]1N[C@H]1C[C@](O)(CO)[C@@H](O)[C@H](O)[C@H]1O,68,nM
CHEMBL4549180,CN(C)c1ccc(C(Nc2ccc(Oc3ccc(NC(c4ccc(N(C)C)cc4)n4nc(-c5cc6ccccc6oc5=O)oc4=S)cc3)cc2)n2nc(-c3cc4ccccc4oc3=O)oc2=S)cc1,70,nM
CHEMBL4448264,O=c1oc2ccccc2cc1-c1nn(C(Nc2ccc(Oc3ccc(NC(c4cccc(Br)c4)n4nc(-c5cc6ccccc6oc5=O)oc4=S)cc3)cc2)c2cccc(Br)c2)c(=S)o1,70,nM
CHEMBL4461882,COc1cccc(C(Nc2ccc(-c3ccc(NC(c4cccc(OC)c4)n4nc(-c5cc(=O)oc6ccccc56)oc4=S)cc3)cc2)n2nc(-c3cc4ccccc4oc3=O)oc2=S)c1,70,nM
CHEMBL4468520,O=c1oc2ccccc2cc1-c1nn(C(Nc2ccc(Oc3ccc(NC(c4ccc([N+](=O)[O-])cc4)n4nc(-c5cc6ccccc6oc5=O)oc4=S)cc3)cc2)c2ccc([N+](=O)[O-])cc2)c(=S)o1,70,nM
CHEMBL4448529,Cc1ccc(C(Nc2ccc(-c3ccc(NC(c4ccc(C)cc4)n4nc(-c5cc(=O)oc6ccccc56)oc4=S)cc3)cc2)n2nc(-c3cc4ccccc4oc3=O)oc2=S)cc1,70,nM
CHEMBL4438224,O=c1cc(-c2nn(C(Nc3ccc(NC(c4ccc(Cl)cc4Cl)n4nc(-c5cc6ccccc6oc5=O)oc4=S)cc3)c3ccc(Cl)cc3Cl)c(=S)o2)c2ccccc2o1,70,nM
CHEMBL4513326,COc1cccc(C(Nc2ccc(NC(c3cccc(OC)c3)n3nc(-c4cc(=O)oc5ccccc45)oc3=S)cc2)n2nc(-c3cc4ccccc4oc3=O)oc2=S)c1,70,nM
CHEMBL4466971,O=c1cc(-c2nn(C(Nc3ccc(-c4ccc(NC(c5cccc(Br)c5)n5nc(-c6cc7ccccc7oc6=O)oc5=S)cc4)cc3)c3cccc(Br)c3)c(=S)o2)c2ccccc2o1,70,nM
CHEMBL4451108,O=c1cc(-c2nn(C(Nc3ccc(-c4ccc(NC(c5ccc([N+](=O)[O-])cc5)n5nc(-c6cc7ccccc7oc6=O)oc5=S)cc4)cc3)c3ccc([N+](=O)[O-])cc3)c(=S)o2)c2ccccc2o1,70,nM
CHEMBL4551617,O=c1cc(-c2nn(C(Nc3ccc(NC(c4ccc([N+](=O)[O-])cc4)n4nc(-c5cc6ccccc6oc5=O)oc4=S)cc3)c3ccc([N+](=O)[O-])cc3)c(=S)o2)c2ccccc2o1,70,nM
CHEMBL4535608,O=c1cc(-c2nn(C(Nc3ccc(NC(c4cccc(Cl)c4)n4nc(-c5cc6ccccc6oc5=O)oc4=S)cc3)c3cccc(Cl)c3)c(=S)o2)c2ccccc2o1,70,nM
CHEMBL4538427,O=c1cc(-c2nn(C(Nc3ccc(NC(c4ccc(F)cc4)n4nc(-c5cc6ccccc6oc5=O)oc4=S)cc3)c3ccc(F)cc3)c(=S)o2)c2ccccc2o1,70,nM
CHEMBL4574481,O=c1cc(-c2nn(C(Nc3ccc(-c4ccc(NC(c5ccc(Cl)cc5)n5nc(-c6cc7ccccc7oc6=O)oc5=S)cc4)cc3)c3ccc(Cl)cc3)c(=S)o2)c2ccccc2o1,70,nM
CHEMBL4461780,O=c1cc(-c2nn(C(Nc3ccc(-c4ccc(NC(c5cccc(Cl)c5)n5nc(-c6cc7ccccc7oc6=O)oc5=S)cc4)cc3)c3cccc(Cl)c3)c(=S)o2)c2ccccc2o1,70,nM
CHEMBL4464119,O=c1oc2ccccc2cc1-c1nn(C(Nc2ccc(Oc3ccc(NC(c4ccc(Cl)cc4)n4nc(-c5cc6ccccc6oc5=O)oc4=S)cc3)cc2)c2ccc(Cl)cc2)c(=S)o1,70,nM
CHEMBL4449167,O=c1cc(-c2nn(C(Nc3ccc(NC(c4ccc(Cl)cc4)n4nc(-c5cc6ccccc6oc5=O)oc4=S)cc3)c3ccc(Cl)cc3)c(=S)o2)c2ccccc2o1,70,nM
CHEMBL4453742,O=c1oc2ccccc2cc1-c1nn(C(Nc2ccc(Oc3ccc(NC(c4ccc(Cl)cc4Cl)n4nc(-c5cc6ccccc6oc5=O)oc4=S)cc3)cc2)c2ccc(Cl)cc2Cl)c(=S)o1,70,nM
CHEMBL4549137,O=c1oc2ccccc2cc1-c1nn(C(Nc2ccc(Oc3ccc(NC(c4ccc(Br)cc4)n4nc(-c5cc6ccccc6oc5=O)oc4=S)cc3)cc2)c2ccc(Br)cc2)c(=S)o1,70,nM
CHEMBL4459113,O=c1cc(-c2nn(C(Nc3ccc(NC(c4cccc(Br)c4)n4nc(-c5cc6ccccc6oc5=O)oc4=S)cc3)c3cccc(Br)c3)c(=S)o2)c2ccccc2o1,70,nM
CHEMBL4533762,CN(C)c1ccc(C(Nc2ccc(NC(c3ccc(N(C)C)cc3)n3nc(-c4cc(=O)oc5ccccc45)oc3=S)cc2)n2nc(-c3cc4ccccc4oc3=O)oc2=S)cc1,70,nM
CHEMBL4467305,CN(C)c1ccc(C(Nc2ccc(-c3ccc(NC(c4ccc(N(C)C)cc4)n4nc(-c5cc(=O)oc6ccccc56)oc4=S)cc3)cc2)n2nc(-c3cc4ccccc4oc3=O)oc2=S)cc1,70,nM
CHEMBL4552230,O=c1cc(-c2nn(C(Nc3ccc(-c4ccc(NC(c5ccc(Br)cc5)n5nc(-c6cc7ccccc7oc6=O)oc5=S)cc4)cc3)c3ccc(Br)cc3)c(=S)o2)c2ccccc2o1,70,nM
CHEMBL4468873,Cc1ccc(C(Nc2ccc(NC(c3ccc(C)cc3)n3nc(-c4cc(=O)oc5ccccc45)oc3=S)cc2)n2nc(-c3cc4ccccc4oc3=O)oc2=S)cc1,70,nM
CHEMBL4448033,O=c1cc(-c2nn(C(Nc3ccc(-c4ccc(NC(c5ccc(Cl)cc5Cl)n5nc(-c6cc7ccccc7oc6=O)oc5=S)cc4)cc3)c3ccc(Cl)cc3Cl)c(=S)o2)c2ccccc2o1,70,nM
CHEMBL4547928,Cc1ccc(C(Nc2ccc(Oc3ccc(NC(c4ccc(C)cc4)n4nc(-c5cc6ccccc6oc5=O)oc4=S)cc3)cc2)n2nc(-c3cc4ccccc4oc3=O)oc2=S)cc1,70,nM
CHEMBL2051982,C[C@H]1C[C@@H](O)[C@H](O)[C@@H](O)[C@H]1N[C@H]1C[C@](O)(CO)[C@@H](O)[C@H](O)[C@H]1O,70,nM
CHEMBL2051981,CO[C@H]1O[C@H](CO)[C@@H](N[C@H]2C[C@](O)(CO)[C@@H](O)[C@H](O)[C@H]2O)[C@H](O)[C@H]1O,72,nM
CHEMBL4531736,Cc1ccc(N2C(=O)/C(=C/c3ccc(F)cc3)S/C2=N\NC(=O)c2cc3ccccc3oc2=O)cc1C,90,nM
CHEMBL4516968,O=C(N/N=C1\S/C(=C\c2ccc(F)cc2)C(=O)N1c1ccc(Cl)cc1)c1cc2ccccc2oc1=O,90,nM
CHEMBL4457539,COc1ccc(N2C(=O)/C(=C/c3ccc(F)cc3)S/C2=N\NC(=O)c2cc3ccccc3oc2=O)cc1,90,nM
CHEMBL4589823,Cc1cccc(N2C(=O)/C(=C/c3ccc(F)cc3)S/C2=N\NC(=O)c2cc3ccccc3oc2=O)c1,90,nM
CHEMBL4591646,Cc1cc(C)cc(N2C(=O)/C(=C/c3ccc(F)cc3)S/C2=N\NC(=O)c2cc3ccccc3oc2=O)c1,90,nM
CHEMBL4475313,O=C(N/N=C1\S/C(=C\c2ccc(F)cc2)C(=O)N1c1ccccc1Cl)c1cc2ccccc2oc1=O,90,nM
CHEMBL4561204,Cc1ccc(N2C(=O)/C(=C/c3ccc(F)cc3)S/C2=N\NC(=O)c2cc3ccccc3oc2=O)c(C)c1,90,nM
CHEMBL4469426,COc1cccc(N2C(=O)/C(=C/c3ccc(F)cc3)S/C2=N\NC(=O)c2cc3ccccc3oc2=O)c1,90,nM
CHEMBL4463785,COc1ccccc1N1C(=O)/C(=C/c2ccc(F)cc2)S/C1=N\NC(=O)c1cc2ccccc2oc1=O,90,nM
CHEMBL4127059,Cc1ccc(N2C(=O)/C(=C/c3ccc(F)cc3)S/C2=N\NC(=O)c2cc3ccccc3oc2=O)cc1,90,nM
CHEMBL4441658,Cc1ccccc1N1C(=O)/C(=C/c2ccc(F)cc2)S/C1=N\NC(=O)c1cc2ccccc2oc1=O,90,nM
CHEMBL4557506,Cc1cccc(C)c1N1C(=O)/C(=C/c2ccc(F)cc2)S/C1=N\NC(=O)c1cc2ccccc2oc1=O,90,nM
CHEMBL4468394,Cc1ccc(C(c2c[nH]c3ccc(C(=O)NNS(=O)(=O)c4cc(Cl)cc(Cl)c4)cc23)c2c[nH]c3ccc(C(=O)NNS(=O)(=O)c4cc(Cl)cc(Cl)c4)cc23)cc1,100,nM
CHEMBL4450153,Cc1ccc(C(c2c[nH]c3ccc(C(=O)NNS(=O)(=O)c4ccccc4Cl)cc23)c2c[nH]c3ccc(C(=O)NNS(=O)(=O)c4ccccc4Cl)cc23)cc1,100,nM
CHEMBL4444058,Cc1ccc(C(c2c[nH]c3ccc(C(=O)NNS(=O)(=O)c4ccccc4Br)cc23)c2c[nH]c3ccc(C(=O)NNS(=O)(=O)c4ccccc4Br)cc23)cc1,100,nM
CHEMBL4442767,Cc1cccc(C(=O)/N=c2\scc(C)n2-c2cc(Cl)c(Cl)cc2Cl)c1,100,nM
CHEMBL4457996,COc1ccc(C(=O)/N=c2\scc(C)n2-c2cc(Cl)c(Cl)cc2Cl)cc1,100,nM
CHEMBL4444856,Cc1ccc(C(c2c[nH]c3ccc(C(=O)NNS(=O)(=O)c4cc(Cl)ccc4Cl)cc23)c2c[nH]c3ccc(C(=O)NNS(=O)(=O)c4cc(Cl)ccc4Cl)cc23)cc1,100,nM
CHEMBL4526576,Cc1ccc(C(c2c[nH]c3ccc(C(=O)NNS(=O)(=O)c4ccc(Cl)cc4Cl)cc23)c2c[nH]c3ccc(C(=O)NNS(=O)(=O)c4ccc(Cl)cc4Cl)cc23)cc1,100,nM
CHEMBL4535006,Cc1ccc(C(c2c[nH]c3ccc(C(=O)NNS(=O)(=O)c4ccc(Br)cc4)cc23)c2c[nH]c3ccc(C(=O)NNS(=O)(=O)c4ccc(Br)cc4)cc23)cc1,100,nM
CHEMBL4543754,Cc1cs/c(=N\C(=O)c2ccccc2Cl)n1-c1cc(Cl)c(Cl)cc1Cl,100,nM
CHEMBL4465117,Cc1ccc(C(c2c[nH]c3ccc(C(=O)NNS(=O)(=O)c4ccc(Cl)c(Cl)c4)cc23)c2c[nH]c3ccc(C(=O)NNS(=O)(=O)c4ccc(Cl)c(Cl)c4)cc23)cc1,100,nM
CHEMBL4443277,Cc1cs/c(=N\C(=O)c2cc3ccccc3oc2=O)n1-c1cc(Cl)c(Cl)cc1Cl,100,nM
CHEMBL4476028,Cc1cs/c(=N\C(=O)c2ccco2)n1-c1cc(Cl)c(Cl)cc1Cl,100,nM
CHEMBL4459920,Cc1ccc(C(c2c[nH]c3ccc(C(=O)NNS(=O)(=O)c4ccc(C)cc4)cc23)c2c[nH]c3ccc(C(=O)NNS(=O)(=O)c4ccc(C)cc4)cc23)cc1,100,nM
CHEMBL4592050,Cc1ccc(C(c2c[nH]c3ccc(C(=O)NNS(=O)(=O)c4cccc(Cl)c4Cl)cc23)c2c[nH]c3ccc(C(=O)NNS(=O)(=O)c4cccc(Cl)c4Cl)cc23)cc1,100,nM
CHEMBL3349437,OC[C@@]1(O)C[C@H](NCCc2ccccc2)[C@H](O)[C@@H](O)[C@@H]1O,100,nM
CHEMBL2051759,CO[C@H]1O[C@H](CO)[C@H](N[C@H]2C[C@](O)(CO)[C@@H](O)[C@H](O)[C@H]2O)[C@H](O)[C@H]1O,100,nM
CHEMBL75971,CN1C[C@H](O)[C@@H](O)[C@H](O)[C@H]1CO,120,nM
CHEMBL4440783,Cc1ccccc1C(=O)/N=c1\scc(C)n1-c1cc(Cl)c(Cl)cc1Cl,150,nM
CHEMBL4456568,Cc1cs/c(=N\C(=O)c2cccc3ccccc23)n1-c1cc(Cl)c(Cl)cc1Cl,150,nM
CHEMBL3814496,O=[N+]([O-])c1ccccc1CO[C@@H](CO)[C@H](O)C[S+]1C[C@@H](O)[C@H](O)[C@H]1CO.[Cl-],150,nM
CHEMBL4470451,CCn1c2ccccc2c2cc(NC(=O)CSc3nc4ccccc4[nH]3)ccc21,170,nM
CHEMBL3354062,OC[C@@H]1[C@@H](O)[C@H](O)[C@@H](O)CN1CCCCCOCc1ccccc1-c1ccccc1,200,nM
CHEMBL3354063,OC[C@@H]1[C@@H](O)[C@H](O)[C@@H](O)CN1CCCCCOCc1cccc(-c2ccccc2)c1,200,nM
CHEMBL3349441,OC[C@@]1(O)C[C@H](NCc2cccs2)[C@H](O)[C@@H](O)[C@@H]1O,200,nM
CHEMBL3349435,OC[C@@]1(O)C[C@H](NCc2ccc(Br)cc2)[C@H](O)[C@@H](O)[C@@H]1O,230,nM
CHEMBL3349433,OC[C@@]1(O)C[C@H](NCC2CCCCC2)[C@H](O)[C@@H](O)[C@@H]1O,240,nM
CHEMBL5082173,COc1ccc(-c2oc3cc(OC)cc(OC)c3c(=O)c2OCCCCCCCCCCCN2C[C@H](O)[C@@H](O)[C@H](O)[C@H]2CO)cc1,240,nM
CHEMBL3354622,C[C@H](OCCCCCN1C[C@H](O)[C@@H](O)[C@H](O)[C@H]1CO)c1ccc(-c2ccccc2)cc1,250,nM
CHEMBL3354624,OC[C@@H]1[C@@H](O)[C@H](O)[C@@H](O)CN1CCCCCOCc1ccc(-c2ccccc2)cc1F,250,nM
CHEMBL3354025,OC[C@@H]1[C@@H](O)[C@H](O)[C@@H](O)CN1CCCCCOCc1ccc(-c2ccccc2)cc1,250,nM
CHEMBL3349443,OC[C@@]1(O)C[C@H](NC/C=C/c2ccccc2)[C@H](O)[C@@H](O)[C@@H]1O,270,nM
CHEMBL4565442,Cc1ccc(C(c2c[nH]c3ccc(C(=O)NNS(=O)(=O)c4cc(Cl)c(Cl)cc4Cl)cc23)c2c[nH]c3ccc(C(=O)NNS(=O)(=O)c4cc(Cl)c(Cl)cc4Cl)cc23)cc1,300,nM
CHEMBL3349446,OC[C@@]1(O)C[C@H](NCc2cccnc2)[C@H](O)[C@@H](O)[C@@H]1O,330,nM
CHEMBL4586665,O=C(NNC(=S)Nc1ccccc1F)c1ccc(-c2nnc(-c3ccccc3Cl)o2)cc1,400,nM
CHEMBL4550413,O=C(NNC(=S)Nc1ccc(Cl)cc1)c1ccc(-c2nnc(-c3ccccc3Cl)o2)cc1,400,nM
CHEMBL4462975,Cc1cccc(NC(=S)NNC(=O)c2ccc(-c3nnc(-c4ccccc4Cl)o3)cc2)c1,400,nM
CHEMBL4466929,COc1cccc(NC(=S)NNC(=O)c2ccc(-c3nnc(-c4ccccc4Cl)o3)cc2)c1,400,nM
CHEMBL4547036,O=C(NNC(=S)Nc1ccc(Cl)c(Cl)c1)c1ccc(-c2nnc(-c3ccccc3Cl)o2)cc1,400,nM
CHEMBL4443246,Cc1ccc(NC(=S)NNC(=O)c2ccc(-c3nnc(-c4ccccc4Cl)o3)cc2)cc1,400,nM
CHEMBL4526013,COc1ccc(NC(=S)NNC(=O)c2ccc(-c3nnc(-c4ccccc4Cl)o3)cc2)cc1,400,nM
CHEMBL4464685,O=C(NNC(=S)Nc1ccc([N+](=O)[O-])cc1)c1ccc(-c2nnc(-c3ccccc3Cl)o2)cc1,400,nM
CHEMBL4543092,O=C(NNC(=S)Nc1ccccc1Br)c1ccc(-c2nnc(-c3ccccc3Cl)o2)cc1,400,nM
CHEMBL4553428,O=C(NNC(=S)Nc1cccc(F)c1)c1ccc(-c2nnc(-c3ccccc3Cl)o2)cc1,400,nM
CHEMBL4555448,O=C(NNC(=S)Nc1ccc(Br)cc1)c1ccc(-c2nnc(-c3ccccc3Cl)o2)cc1,400,nM
CHEMBL4554478,O=C(NNC(=S)Nc1cccc([N+](=O)[O-])c1)c1ccc(-c2nnc(-c3ccccc3Cl)o2)cc1,400,nM
CHEMBL4446128,COc1ccccc1NC(=S)NNC(=O)c1ccc(-c2nnc(-c3ccccc3Cl)o2)cc1,400,nM
CHEMBL4582866,O=C(NNC(=S)Nc1ccc(F)cc1)c1ccc(-c2nnc(-c3ccccc3Cl)o2)cc1,400,nM
CHEMBL3349434,OC[C@@]1(O)C[C@H](NC2CCCCC2)[C@H](O)[C@@H](O)[C@@H]1O,410,nM
CHEMBL3815109,CC(C)(C)CO[C@@H](CO)[C@H](O)C[S+]1C[C@@H](O)[C@H](O)[C@H]1CO.[Cl-],470,nM
CHEMBL4519690,Cc1ccc(C(c2c[nH]c3ccc(C(=O)NNS(=O)(=O)c4ccc([N+](=O)[O-])cc4[N+](=O)[O-])cc23)c2c[nH]c3ccc(C(=O)NNS(=O)(=O)c4ccc([N+](=O)[O-])cc4[N+](=O)[O-])cc23)cc1,500,nM
CHEMBL3354623,C[C@@H](OCCCCCN1C[C@H](O)[C@@H](O)[C@H](O)[C@H]1CO)c1ccc(-c2ccccc2)cc1,500,nM
CHEMBL3349438,CC(C)=CCC/C(C)=C/CN[C@H]1C[C@](O)(CO)[C@@H](O)[C@H](O)[C@H]1O,520,nM
CHEMBL4593597,O=C1NC(=O)/C(=C/c2ccc(-c3nc4ccccc4n3Cc3ccc(Cl)cc3)cc2)S1,540,nM
CHEMBL85398,O=C1CSC(=O)N1,540,nM
CHEMBL4544064,O=C1NC(=O)/C(=C\c2ccc(-n3ncc4ccccc43)cc2)S1,550,nM
CHEMBL4456879,O=C1NC(=O)/C(=C\c2ccc(-n3cc([N+](=O)[O-])cn3)cc2)S1,550,nM
CHEMBL4590014,O=C1NC(=O)/C(=C\c2ccc(-n3ccc4c(Br)ccnc43)cc2)S1,550,nM
CHEMBL4541639,O=C1NC(=O)/C(=C\c2ccc(-n3ccc4c(Nc5ccccc5OC(F)(F)F)ccnc43)cc2)S1,550,nM
CHEMBL4472969,O=C1NC(=O)/C(=C\c2ccc(-n3cnc4ccccc43)cc2)S1,550,nM
CHEMBL4549286,O=C1NC(=O)/C(=C\c2ccc(-n3ccc4c(Nc5ccc(F)cc5)ccnc43)cc2)S1,550,nM
CHEMBL4521001,O=C(O)CN1C(=O)S/C(=C/c2ccc(-n3ccc4c(Br)ccnc43)cc2)C1=O,550,nM
CHEMBL4465310,Cc1nccn1-c1ccc(/C=C2/SC(=O)NC2=O)cc1,550,nM
CHEMBL4449655,CCOC(=O)CN1C(=O)S/C(=C/c2ccc(-n3ccc4c(Br)ccnc43)cc2)C1=O,550,nM
CHEMBL3349440,OCC(CO)N[C@H]1C[C@H](CO)[C@@H](O)[C@H](O)[C@H]1O,550,nM
CHEMBL4582990,O=C(NNC(=S)Nc1ccc(C(F)(F)F)cc1)c1ccc(-c2nnc(-c3ccccc3Cl)o2)cc1,600,nM
CHEMBL3814911,CCCCCCCO[C@@H](CO)[C@H](O)C[S+]1C[C@@H](O)[C@H](O)[C@H]1CO.[Cl-],640,nM
CHEMBL2051760,CO[C@H]1O[C@H](C)[C@H](N[C@H]2C[C@](O)(CO)[C@@H](O)[C@H](O)[C@H]2O)[C@H](O)[C@H]1O,650,nM
CHEMBL3814988,CC(C)CO[C@@H](CO)[C@H](O)C[S+]1C[C@@H](O)[C@H](O)[C@H]1CO.[Cl-],690,nM
CHEMBL4554853,O=C(NNC(=S)Nc1ccccc1Cl)c1ccc(-c2nnc(-c3ccccc3Cl)o2)cc1,700,nM
CHEMBL87169,OCC1NC(CO)[C@@H](O)C(O)C1O,700,nM
CHEMBL5175772,Cc1cc(O)c2c(c1)-c1c(-c3ccc(O)cc3)c(=O)oc3c1c-2c(O)c1cccc(O)c13,890,nM
CHEMBL3814838,CCO[C@@H](CO)[C@H](O)C[S+]1C[C@@H](O)[C@H](O)[C@H]1CO.[Cl-],960,nM
CHEMBL406973,OC[C@@H]1NC[C@H](O)[C@H]1O,1000,nM
CHEMBL4856375,C[C@]1(CO)NC[C@H](O)[C@@H](O)[C@@H]1O.Cl,1000,nM
CHEMBL4456026,O=C(N/N=C/c1ccccc1)c1cc2ccccc2oc1=O,1100,nM
CHEMBL4473968,Cc1ccccc1/C=N/NC(=O)c1cc2ccccc2oc1=O,1100,nM
CHEMBL4566850,Cc1ccc(/C=N/NC(=O)c2cc3ccccc3oc2=O)cc1,1100,nM
CHEMBL4558252,O=C(N/N=C/c1ccccc1O)c1cc2ccccc2oc1=O,1100,nM
CHEMBL4475749,COc1ccc(/C=N/NC(=O)c2cc3ccccc3oc2=O)c(O)c1,1100,nM
CHEMBL4450733,O=C(N/N=C/c1cccc(F)c1)c1cc2ccccc2oc1=O,1100,nM
CHEMBL4549420,O=C(N/N=C/c1ccccc1[N+](=O)[O-])c1cc2ccccc2oc1=O,1100,nM
CHEMBL4461307,O=C(N/N=C/c1ccccc1F)c1cc2ccccc2oc1=O,1100,nM
CHEMBL4590536,Cc1cccc(/C=N/NC(=O)c2cc3ccccc3oc2=O)c1,1100,nM
CHEMBL4447231,O=C(N/N=C/c1ccccn1)c1cc2ccccc2oc1=O,1100,nM
CHEMBL3590410,O=C(N/N=C/c1ccc([N+](=O)[O-])cc1)c1cc2ccccc2oc1=O,1100,nM
CHEMBL4545537,O=C(N/N=C/c1ccc(F)cc1)c1cc2ccccc2oc1=O,1100,nM
CHEMBL4474453,COc1ccc(O)c(/C=N/NC(=O)c2cc3ccccc3oc2=O)c1,1100,nM
CHEMBL4161936,O=C(N/N=C/c1ccc(O)cc1O)c1cc2ccccc2oc1=O,1100,nM
CHEMBL4532196,O=C(N/N=C/c1cccc(O)c1O)c1cc2ccccc2oc1=O,1100,nM
CHEMBL4176304,O=C(N/N=C/c1ccncc1)c1cc2ccccc2oc1=O,1100,nM
CHEMBL4165370,COc1ccc(/C=N/NC(=O)c2cc3ccccc3oc2=O)cc1,1100,nM
CHEMBL3814264,CCCCCCCCCCCCCO[C@@H](CO)[C@H](O)C[S+]1C[C@@H](O)[C@H](O)[C@H]1CO.[Cl-],1100,nM
CHEMBL4435180,O=C1Nc2cc(Cl)ccc2/C1=C/c1ccc(-c2nnc(-c3cc(O)cc(O)c3)o2)cc1,1200,nM
CHEMBL4786471,CCCCCCCC[C@@H](O)[C@H](OS(=O)(=O)[O-])[C@H](O)C[S@+]1C[C@@H](O)[C@H](O)[C@H]1CO,1200,nM
CHEMBL476960,OCC(CO)N[C@H]1C[C@](O)(CO)[C@@H](O)[C@H](O)[C@H]1O,1300,nM
CHEMBL110458,OC[C@H]1NC[C@H](O)[C@@H](O)[C@H]1O,1500,nM
CHEMBL3814555,CCCCCO[C@@H](CO)[C@H](O)C[S+]1C[C@@H](O)[C@H](O)[C@H]1CO.[Cl-],1500,nM
CHEMBL2051978,C[C@H]1C[C@H](N)[C@H](O)[C@@H](O)[C@H]1N[C@H]1C[C@](O)(CO)[C@@H](O)[C@H](O)[C@H]1O,1500,nM
CHEMBL4779172,CCCCCCCCCC[C@@H](O)[C@H](OS(=O)(=O)[O-])[C@H](O)C[S@+]1C[C@@H](O)[C@H](O)[C@H]1CO,1500,nM
CHEMBL5194087,Cc1cc(O)c2c(c1)-c1c(-c3c[nH]c4ccccc34)c(=O)oc3c1c-2c(O)c1cccc(O)c13,1580,nM
CHEMBL3349439,OC[C@@]1(O)C[C@H](N[C@H]2CCCC[C@@H]2O)[C@H](O)[C@@H](O)[C@@H]1O,1600,nM
CHEMBL260553,CC(C)=CCc1c(O)cc2oc3cc(O)c(O)c(CC=C(C)C)c3c(=O)c2c1O,1700,nM
CHEMBL4744484,CCCCCC[C@@H](O)[C@H](OS(=O)(=O)[O-])[C@H](O)C[S@+]1C[C@@H](O)[C@H](O)[C@H]1CO,1700,nM
CHEMBL5076041,COc1ccc(-c2oc3cc(OC)cc(OC)c3c(=O)c2OCCCCCCCCN2C[C@H](O)[C@@H](O)[C@H](O)[C@H]2CO)cc1,1780,nM
CHEMBL4473640,Cn1cc(-c2nnc(-c3ccc(C(c4c[nH]c5ccccc45)c4c[nH]c5ccc(Cl)cc45)cc3)o2)c2ccccc21,2000,nM
CHEMBL404271,C[C@H]1O[C@H](O[C@H]2[C@H](O)[C@@H](O)[C@@H](O[C@H]3[C@H](O)[C@@H](O)C(O)O[C@@H]3CO)O[C@@H]2CO)[C@H](O)[C@@H](O)[C@@H]1N[C@H]1C=C(CO)[C@@H](O)[C@H](O)[C@H]1O,2000,nM
CHEMBL3814747,CO[C@@H](CO)[C@H](O)C[S+]1C[C@@H](O)[C@H](O)[C@H]1CO.[Cl-],2000,nM
CHEMBL4757822,CCCCCCCC[C@@H](O)[C@H](O)[C@H](O)C[S@+]1C[C@@H](O)[C@H](O)[C@H]1CO.CS(=O)(=O)[O-],2000,nM
CHEMBL4472850,Cc1cc2nnn(CC(=O)c3ccc(Cl)c(Cl)c3)c2cc1C,2040,nM
CHEMBL4529174,COc1ccc(NC(=O)Cn2cc(COc3cc(O)c4c(=O)c5ccc(OC)cc5oc4c3)nn2)c(OC)c1,2060,nM
CHEMBL4437002,Cc1ccc(C(c2c[nH]c3ccc(C(=O)NNS(=O)(=O)c4ccccc4[N+](=O)[O-])cc23)c2c[nH]c3ccc(C(=O)NNS(=O)(=O)c4ccccc4[N+](=O)[O-])cc23)cc1,2100,nM
CHEMBL4460255,Cc1ccc(C(c2c[nH]c3ccc(C(=O)NNS(=O)(=O)c4cccc([N+](=O)[O-])c4)cc23)c2c[nH]c3ccc(C(=O)NNS(=O)(=O)c4cccc([N+](=O)[O-])c4)cc23)cc1,2100,nM
CHEMBL4439937,Cc1ccc(C(c2c[nH]c3ccc(C(=O)NNS(=O)(=O)c4ccc([N+](=O)[O-])cc4)cc23)c2c[nH]c3ccc(C(=O)NNS(=O)(=O)c4ccc([N+](=O)[O-])cc4)cc23)cc1,2100,nM
CHEMBL1029,CCCCN1C[C@H](O)[C@@H](O)[C@H](O)[C@H]1CO,2100,nM
CHEMBL4451791,Cc1ccc(C(=O)N/N=C2\C(=O)Nc3ccc(Cl)cc32)cc1,2200,nM
CHEMBL4540336,O=C(Cc1ccc(Cl)c(Cl)c1)N/N=C1\C(=O)Nc2cc(Br)ccc21,2200,nM
CHEMBL4445451,CCCN1C(=O)/C(=N\NC(=O)Cc2ccc(Cl)cc2Cl)c2ccccc21,2200,nM
CHEMBL4455386,O=C1Nc2cc(Br)ccc2/C1=N/NC(=O)c1ccccc1O,2200,nM
CHEMBL4465201,CCCCCCCCCCCC(=O)N/N=C1\C(=O)Nc2ccccc21,2200,nM
CHEMBL4458470,O=C(Cc1ccc(Cl)cc1Cl)N/N=C1\C(=O)Nc2cc(Br)ccc21,2200,nM
CHEMBL222396,N[C@H]1C[C@](O)(CO)[C@@H](O)[C@H](O)[C@H]1O,2200,nM
CHEMBL4449615,Cc1cc2nnn(CC(=O)c3ccc(Cl)cc3)c2cc1C,2210,nM
CHEMBL4550622,Nc1nnc(-c2ccc([N+](=O)[O-])cc2)s1,2300,nM
CHEMBL4476335,O=C(N/N=C/c1ccccc1O)c1cc2ccccc2[nH]1,2300,nM
CHEMBL4515560,O=C(N/N=C/c1ccc(Cl)cc1)c1cc2ccccc2[nH]1,2300,nM
CHEMBL3186069,COc1cc(/C=N/NC(=O)c2cc3ccccc3[nH]2)ccc1O,2300,nM
CHEMBL4471582,Nc1nnc(-c2cc3ccccc3cc2O)s1,2300,nM
CHEMBL1534367,Nc1nnc(-c2ccc(Cl)cc2Cl)s1,2300,nM
CHEMBL4471826,Nc1nnc(-c2ccc(O)cc2)s1,2300,nM
CHEMBL4438611,COc1ccc(O)c(/C=N/NC(=O)c2cc3ccccc3[nH]2)c1,2300,nM
CHEMBL4437179,O=C(N/N=C/c1ccc(Br)c(F)c1)c1cc2ccccc2[nH]1,2300,nM
CHEMBL4468056,Nc1nnc(-c2ccc(OCc3ccccc3)cc2)s1,2300,nM
CHEMBL4442881,Nc1nnc(-c2ccc(Cl)c(OCc3ccccc3)c2)s1,2300,nM
CHEMBL4554612,O=[N+]([O-])c1cccc(-c2nnc(/N=C/c3ccc(Cl)cc3Cl)s2)c1,2300,nM
CHEMBL4442533,O=C(N/N=C/c1cc(O)cc(O)c1)c1cc2ccccc2[nH]1,2300,nM
CHEMBL4516653,CCOC(=O)C1=C(Nc2cccc(F)c2)C[C@@H](c2ccc(Cl)cc2)N(c2cccc(F)c2)[C@@H]1c1ccc(Cl)cc1,2300,nM
CHEMBL4466501,Nc1nnc(-c2c3ccccc3cc3ccccc23)s1,2300,nM
CHEMBL4435535,O=[N+]([O-])c1ccc(/C=N/c2nnc(-c3ccc(Cl)cc3)s2)cc1,2300,nM
CHEMBL4471901,O=[N+]([O-])c1ccccc1/C=N/c1nnc(-c2ccc(Cl)cc2)s1,2300,nM
CHEMBL4461186,Clc1ccc(-c2nnc(/N=C/c3ccc(OCc4ccccc4)cc3)s2)cc1,2300,nM
CHEMBL4469544,COc1ccc(Br)cc1/C=N/c1nnc(-c2ccc(Cl)cc2)s1,2300,nM
CHEMBL4564900,Oc1ccc(/C=N/c2nnc(-c3ccc(Cl)cc3)s2)cc1,2300,nM
CHEMBL4532383,CCOC(=O)C1=C(Nc2cccc(Cl)c2)C[C@@H](c2ccc(Cl)cc2)N(c2cccc(Cl)c2)[C@@H]1c1ccc(Cl)cc1,2300,nM
CHEMBL4466754,Nc1nnc(-c2ccccc2[N+](=O)[O-])s1,2300,nM
CHEMBL4559817,O=C(N/N=C/c1c(O)cc(O)cc1O)c1cc2ccccc2[nH]1,2300,nM
CHEMBL4532290,CN(C)c1ccc(-c2nnc(N)s2)cc1,2300,nM
CHEMBL4466503,O=C(N/N=C/c1cc(O)c(O)c(O)c1)c1cc2ccccc2[nH]1,2300,nM
CHEMBL1299882,Nc1nnc(-c2cccc([N+](=O)[O-])c2)s1,2300,nM
CHEMBL4442388,COc1ccc(Br)cc1/C=N/c1nnc(-c2cccc([N+](=O)[O-])c2)s1,2300,nM
CHEMBL4568178,CCOC(=O)C1=C(Nc2cccc(Br)c2)C[C@@H](c2ccc(Cl)cc2)N(c2cccc(Br)c2)[C@@H]1c1ccc(Cl)cc1,2300,nM
CHEMBL4593969,COc1cc(-c2nnc(/N=C/c3ccc(O)cc3)s2)ccc1OCc1ccccc1,2300,nM
CHEMBL4444070,COc1ccc(Br)cc1-c1nnc(N)s1,2300,nM
CHEMBL4533603,COc1ccc(/C=N/NC(=O)c2cc3ccccc3[nH]2)c(I)c1O,2300,nM
CHEMBL4461594,CCOC(=O)C1=C(Nc2cccc([N+](=O)[O-])c2)C[C@@H](c2ccc(C)cc2)N(c2cccc([N+](=O)[O-])c2)[C@@H]1c1ccc(C)cc1,2300,nM
CHEMBL4471072,O=C(N/N=C/c1cc(O)ccc1O)c1cc2ccccc2[nH]1,2300,nM
CHEMBL4525854,O=C(N/N=C/c1ccc(O)c(O)c1)c1cc2ccccc2[nH]1,2300,nM
CHEMBL4533183,COc1ccc(/C=N/NC(=O)c2cc3ccccc3[nH]2)cc1O,2300,nM
CHEMBL1383520,Nc1nnc(-c2ccc(Cl)cc2)s1,2300,nM
CHEMBL4469380,COc1cccc(-c2nnc(N)s2)c1OC,2300,nM
CHEMBL4593066,O=C(N/N=C/c1cccc(O)c1O)c1cc2ccccc2[nH]1,2300,nM
CHEMBL4217244,O=C(N/N=C/c1ccc(O)cc1)c1cc2ccccc2[nH]1,2300,nM
CHEMBL4438638,O=C(COc1ccc2ccc(=O)oc2c1)N/N=C1\C(=O)N(Cc2ccccc2F)c2ccccc21,2500,nM
CHEMBL4518046,O=C(COc1ccc2ccc(=O)oc2c1)N/N=C1\C(=O)N(Cc2ccc(Br)cc2)c2ccccc21,2500,nM
CHEMBL4581970,O=C(COc1ccc2ccc(=O)oc2c1)N/N=C1\C(=O)N(Cc2ccccc2)c2ccc(Br)cc21,2500,nM
CHEMBL4435626,Cc1cc(C)c2c(c1)/C(=N/NC(=O)COc1ccc3ccc(=O)oc3c1)C(=O)N2,2500,nM
CHEMBL4471443,O=C(COc1ccc2ccc(=O)oc2c1)N/N=C1\C(=O)Nc2ccc([N+](=O)[O-])cc21,2500,nM
CHEMBL4475058,O=C(COc1ccc2ccc(=O)oc2c1)N/N=C1\C(=O)N(Cc2cccc(F)c2)c2ccccc21,2500,nM
CHEMBL4587269,Cc1ccc2c(c1)/C(=N/NC(=O)COc1ccc3ccc(=O)oc3c1)C(=O)N2Cc1ccccc1F,2500,nM
CHEMBL4463121,O=C(COc1ccc2ccc(=O)oc2c1)N/N=C1\C(=O)Nc2ccc(F)cc21,2500,nM
CHEMBL4561189,CN1C(=O)/C(=N\NC(=O)COc2ccc3ccc(=O)oc3c2)c2ccccc21,2500,nM
CHEMBL4516073,O=C(COc1ccc2ccc(=O)oc2c1)N/N=C1\C(=O)N(Cc2ccccc2F)c2ccc(Cl)cc21,2500,nM
CHEMBL4526446,O=C(COc1ccc2ccc(=O)oc2c1)N/N=C1\C(=O)Nc2ccccc21,2500,nM
CHEMBL4532650,O=C(COc1ccc2ccc(=O)oc2c1)N/N=C1\C(=O)Nc2ccc(Cl)cc21,2500,nM
CHEMBL4537391,Cc1ccc2c(c1)/C(=N/NC(=O)COc1ccc3ccc(=O)oc3c1)C(=O)N2Cc1cccc(F)c1,2500,nM
CHEMBL4583142,O=C(COc1ccc2ccc(=O)oc2c1)N/N=C1\C(=O)N(Cc2ccccc2Cl)c2ccc(Br)cc21,2500,nM
CHEMBL4553582,Cc1ccc2c(c1)/C(=N/NC(=O)COc1ccc3ccc(=O)oc3c1)C(=O)N2,2500,nM
CHEMBL4237960,Nc1ccn(C2OC(CO)[C@@H](O)[C@H]2O)c(=O)n1,2500,nM
CHEMBL4568489,O=C(COc1ccc2ccc(=O)oc2c1)N/N=C1\C(=O)N(Cc2ccccc2)c2ccccc21,2500,nM
CHEMBL4452470,O=C(COc1ccc2ccc(=O)oc2c1)N/N=C1\C(=O)N(Cc2ccc(Br)cc2)c2ccc(Br)cc21,2500,nM
CHEMBL4578640,O=C(COc1ccc2ccc(=O)oc2c1)N/N=C1\C(=O)Nc2ccc(Br)cc21,2500,nM
CHEMBL4441977,O=C(COc1ccc2ccc(=O)oc2c1)N/N=C1\C(=O)N(Cc2ccccc2Cl)c2ccccc21,2500,nM
CHEMBL4545087,O=C(COc1ccc2ccc(=O)oc2c1)N/N=C1\C(=O)N(Cc2cccc(F)c2)c2ccc(Cl)cc21,2500,nM
CHEMBL203543,O=C(Cn1nnc2ccccc21)c1ccc(Cl)cc1,2500,nM
CHEMBL4566389,COc1ccc(C(=O)Cn2nnc3cc(C)c(C)cc32)cc1,2600,nM
CHEMBL44,O=c1c(-c2ccc(O)cc2)coc2cc(O)cc(O)c12,2610,nM
CHEMBL3751947,OC[C@@H]1NC[C@@H](O)[C@@H]1O,2700,nM
CHEMBL4435225,COc1ccc(NC(=O)Cn2cc(COc3cc(O)c4c(=O)c5ccc(Br)cc5oc4c3)nn2)c(OC)c1,2780,nM
CHEMBL4585914,O=C(Cn1nnc2ccccc21)c1cccc(Br)c1,2790,nM
CHEMBL1450675,O=C(Cn1nnc2ccccc21)c1ccc(Br)cc1,2790,nM
CHEMBL4441899,O=C(CSc1nnc(-c2ccccc2)c(-c2ccccc2)n1)Nc1nc(-c2ccccc2)cs1,2800,nM
CHEMBL4592051,Cc1ccc(-c2csc(NC(=O)CSc3nnc(-c4ccccc4)c(-c4ccccc4)n3)n2)cc1,2800,nM
CHEMBL4566821,O=C(CSc1nnc(-c2ccccc2)c(-c2ccccc2)n1)Nc1nc(-c2ccc(F)cc2)cs1,2800,nM
CHEMBL4453256,COc1ccc(-c2csc(NC(=O)CSc3nnc(-c4ccc(Br)cc4)c(-c4ccc(Br)cc4)n3)n2)cc1,2800,nM
CHEMBL4545190,Cc1ccc(-c2csc(NC(=O)CSc3nnc(-c4ccc(F)cc4)c(-c4ccc(F)cc4)n3)n2)cc1,2800,nM
CHEMBL4565828,O=C(CSc1nnc(-c2ccc(F)cc2)c(-c2ccc(F)cc2)n1)Nc1nc(-c2ccc(Cl)cc2)cs1,2800,nM
CHEMBL4460050,O=C(CSc1nnc(-c2ccc(F)cc2)c(-c2ccc(F)cc2)n1)Nc1nc(-c2ccc(F)cc2)cs1,2800,nM
CHEMBL4578419,O=C(CSc1nnc(-c2ccc(Br)cc2)c(-c2ccc(Br)cc2)n1)Nc1nc(-c2ccccc2)cs1,2800,nM
CHEMBL4458336,O=C(CSc1nnc(-c2ccc(F)cc2)c(-c2ccc(F)cc2)n1)Nc1nc(-c2ccccc2)cs1,2800,nM
CHEMBL4469167,O=C(CSc1nnc(-c2ccccc2)c(-c2ccccc2)n1)Nc1nc(-c2ccc(Br)cc2)cs1,2800,nM
CHEMBL4570594,O=C(CSc1nnc(-c2ccc(Br)cc2)c(-c2ccc(Br)cc2)n1)Nc1nc(-c2ccc(Cl)cc2)cs1,2800,nM
CHEMBL4545231,O=C(CSc1nnc(-c2ccc(F)cc2)c(-c2ccc(F)cc2)n1)Nc1nc(-c2ccc(Br)cc2)cs1,2800,nM
CHEMBL4544393,COc1ccc(-c2csc(NC(=O)CSc3nnc(-c4ccccc4)c(-c4ccccc4)n3)n2)cc1,2800,nM
CHEMBL4543253,Cc1ccc(-c2csc(NC(=O)CSc3nnc(-c4ccc(Br)cc4)c(-c4ccc(Br)cc4)n3)n2)cc1,2800,nM
CHEMBL4545401,O=C(CSc1nnc(-c2ccc(Br)cc2)c(-c2ccc(Br)cc2)n1)Nc1nc(-c2ccc(Br)cc2)cs1,2800,nM
CHEMBL4435963,O=C(CSc1nnc(-c2ccc(Br)cc2)c(-c2ccc(Br)cc2)n1)Nc1nc(-c2ccc(F)cc2)cs1,2800,nM
CHEMBL4473482,O=C(CSc1nnc(-c2ccccc2)c(-c2ccccc2)n1)Nc1nc(-c2ccc(Cl)cc2)cs1,2800,nM
CHEMBL4451810,O=C(c1ccc(F)cc1)n1nnc2ccccc21,2820,nM
CHEMBL4515499,O=C(c1ccc([N+](=O)[O-])cc1)n1nnc2ccccc21,2970,nM
CHEMBL1288788,COc1ccc(C(=O)n2nnc3ccccc32)cc1,2990,nM
CHEMBL4469294,O=C(c1cccc(Cl)c1)n1nnc2cc(Cl)c(Cl)cc21,3000,nM
CHEMBL4466757,COc1ccc(NC(=O)Cn2cc(COc3cc(O)c4c(=O)c5cc(Br)ccc5oc4c3)nn2)c(OC)c1,3070,nM
CHEMBL4580728,O=C(Cn1cc(COc2cc(O)c3c(=O)c4cc(Br)ccc4oc3c2)nn1)Nc1ccc(O)c(O)c1,3170,nM
CHEMBL4217303,O=C(c1ccc(Br)cc1)n1nnc2ccccc21,3200,nM
CHEMBL2115215,OC[C@@H]1N[C@H](CO)[C@@H](O)[C@H](O)[C@@H]1O,3200,nM
CHEMBL2051980,CO[C@H]1O[C@H](C)[C@@H](N[C@H]2C=C(CO)[C@@H](O)[C@H](O)[C@H]2O)[C@H](O)[C@H]1O,3200,nM
CHEMBL4577650,Cc1cc2nnn(CC(=O)c3ccccc3O)c2cc1C,3300,nM
CHEMBL4450847,COc1ccc(Cc2nnc(-c3ccc(Cl)cc3)n2CC(=O)NNC(=S)Nc2ccc(Cl)cc2)cc1,3400,nM
CHEMBL4446986,Cc1cc2nnn(C(=O)c3ccccc3)c2cc1C,3400,nM
CHEMBL4443687,Cc1cc2nnn(CC(=O)c3ccccc3)c2cc1C,3410,nM
CHEMBL4516633,O=C(Cn1nnc2ccccc21)c1cccc(Cl)c1Cl,3470,nM
CHEMBL4440745,O=C(c1ccccc1)n1nnc2cc(Cl)c(Cl)cc21,3700,nM
CHEMBL1561,OCCN1C[C@H](O)[C@@H](O)[C@H](O)[C@H]1CO,3700,nM
CHEMBL4573584,Cc1ccc(C(=O)n2nnc3cc(Cl)c(Cl)cc32)cc1C,3820,nM
CHEMBL4567315,O=C(Cn1nnc2ccccc21)c1ccc(Cl)c(Cl)c1,3900,nM
CHEMBL1429088,O=C(Cn1nnc2ccccc21)c1cccc([N+](=O)[O-])c1,4000,nM
CHEMBL4549620,Cc1cc(C(=O)n2nnc3ccccc32)ccc1[N+](=O)[O-],4100,nM
CHEMBL3084806,CCCCN1[C@H](CO)[C@H](O)[C@@H](O)[C@H](O)[C@H]1CO,4200,nM
CHEMBL4573221,Cc1cc(C(=O)n2nnc3ccccc32)cc(C)c1C,4230,nM
CHEMBL4472506,O=C(C[C@@H](c1cccc(Br)c1)c1c[nH]c2ccccc12)c1ccccc1,4300,nM
CHEMBL4525900,COc1ccc([C@H](CC(=O)c2ccccc2)c2c[nH]c3ccccc23)cc1,4300,nM
CHEMBL4440152,Cc1ccc([C@H](CC(=O)c2ccc3ccccc3c2)c2c[nH]c3ccccc23)cc1,4300,nM
CHEMBL4456998,O=C(C[C@@H](c1cccs1)c1c[nH]c2ccccc12)c1ccccc1,4300,nM
CHEMBL4526585,O=C(C[C@@H](c1c(Cl)cccc1Cl)c1c[nH]c2ccccc12)c1ccccc1,4300,nM
CHEMBL4539984,O=C(C[C@@H](c1cccs1)c1c[nH]c2ccccc12)c1ccc2ccccc2c1,4300,nM
CHEMBL4557896,O=C(C[C@@H](c1ccc(Br)cc1)c1c[nH]c2ccccc12)c1ccccc1,4300,nM
CHEMBL4474603,Cc1cccc([C@H](CC(=O)c2ccccc2)c2c[nH]c3ccccc23)c1,4300,nM
CHEMBL4556170,O=C(C[C@@H](c1ccc(Cl)cc1Cl)c1c[nH]c2ccccc12)c1ccccc1,4300,nM
CHEMBL4590962,Cc1ccc([C@H](CC(=O)c2ccccc2)c2c[nH]c3ccccc23)cc1,4300,nM
CHEMBL4464394,O=C(C[C@@H](c1ccccc1)c1c[nH]c2ccccc12)c1ccccc1,4300,nM
CHEMBL4520965,O=C(C[C@@H](c1cccc([N+](=O)[O-])c1)c1c[nH]c2ccccc12)c1ccccc1,4300,nM
CHEMBL4439503,O=C(C[C@@H](c1ccccc1)c1c[nH]c2ccccc12)c1ccc2ccccc2c1,4300,nM
CHEMBL4473090,O=C(C[C@@H](c1ccc(Cl)cc1)c1c[nH]c2ccccc12)c1ccc2ccccc2c1,4300,nM
CHEMBL4441979,COc1ccc([C@H](CC(=O)c2ccc3ccccc3c2)c2c[nH]c3ccccc23)cc1,4300,nM
CHEMBL4513806,O=C(C[C@@H](c1ccc(Cl)cc1)c1c[nH]c2ccccc12)c1ccccc1,4300,nM
CHEMBL4559187,COc1ccc(Cc2nnc(-c3ccc(Cl)cc3)n2Cc2nn(CN3CCN(C)CC3)c(=S)o2)cc1,4300,nM
CHEMBL4437073,Nc1cc(C(=O)n2nnc3ccccc32)ccc1Cl,4320,nM
CHEMBL4462641,Cc1cccc(C(=O)n2nnc3ccccc32)c1,4420,nM
CHEMBL4561169,COc1ccc(C(=O)Cn2nnc3ccccc32)cc1,4500,nM
CHEMBL1409618,Cc1ccc(C(=O)Cn2nnc3ccccc32)cc1,4780,nM
CHEMBL1795466,COc1cc(-c2ccc(O)cc2)c(OC)c(O)c1-c1ccc(O)cc1,4790,nM
CHEMBL1253491,COc1ccccc1C(=O)n1nnc2ccccc21,4790,nM
CHEMBL4443784,Cc1ccc(C(=O)n2nnc3ccccc32)cc1C,4800,nM
CHEMBL4211682,C=C(C)C(O)Cc1c(O)c(C/C=C(\C)CCC=C(C)C)c2oc3ccc(O)cc3c(=O)c2c1O,4800,nM
CHEMBL4757019,CCC[C@@H](O)[C@H](OS(=O)(=O)[O-])[C@H](O)C[S@+]1C[C@@H](O)[C@H](O)[C@H]1CO,4800,nM
CHEMBL4449860,O=C(Cn1nnc2ccccc21)c1ccccc1O,4870,nM
CHEMBL1208974,O=S(=O)([O-])O[C@@H](CO)[C@H](O)C[S@+]1C[C@@H](O)[C@H](O)[C@H]1CO,4900,nM
CHEMBL239249,O=S(=O)([O-])O[C@@H](CO)[C@H](O)C[S+]1C[C@@H](O)[C@H](O)[C@H]1CO,4900,nM
CHEMBL1438482,O=C(Cn1nnc2ccccc21)c1ccccc1,4910,nM
CHEMBL4515373,O=C(Cn1nnc2ccccc21)c1ccc(-c2ccccc2)cc1,4980,nM
CHEMBL177114,CCOC(=O)CC(=O)OCC,5000,nM
CHEMBL2374255,OC[C@@]1(O)C[C@H](NC[C@@H](O)c2ccccc2)[C@H](O)[C@H](O)[C@H]1O,5000,nM
CHEMBL4757984,CCC[C@@H](O)[C@H](O)[C@H](O)C[S@+]1C[C@@H](O)[C@H](O)[C@H]1CO.CS(=O)(=O)[O-],5000,nM
CHEMBL4472998,O=C(Cn1cc(COc2cc(O)c3c(=O)c4ccc(Br)cc4oc3c2)nn1)Nc1ccc(O)c(O)c1,5230,nM
CHEMBL4533056,O=C(c1c(F)cccc1F)n1nnc2ccccc21,5230,nM
CHEMBL1288725,O=C(c1ccccc1)n1nnc2ccccc21,5290,nM
CHEMBL4446848,Cc1cc(C)c2c(c1)/C(=N/Nc1nc(-c3ccc(Br)cc3)cs1)C(=O)N2,5300,nM
CHEMBL4529445,Cc1cccc2nc(-c3ccccc3O)[nH]c12,5300,nM
CHEMBL4556298,Cc1cccc2nc(-c3ccc(O)c(O)c3)[nH]c12,5300,nM
CHEMBL4474005,Cc1cccc2nc(-c3cc(O)ccc3O)[nH]c12,5300,nM
CHEMBL3409203,Cc1ccc(-c2csc(N/N=C3\C(=O)Nc4ccccc43)n2)cc1,5300,nM
CHEMBL4438176,Cc1ccc(-c2csc(N/N=C3\C(=O)Nc4ccc(F)cc43)n2)cc1,5300,nM
CHEMBL3409199,O=C1Nc2ccccc2/C1=N/Nc1nc(-c2ccc(Cl)cc2)cs1,5300,nM
CHEMBL4521147,Cc1cccc2nc(-c3cccc(F)c3)[nH]c12,5300,nM
CHEMBL4525043,Cc1ccc(-c2csc(N/N=C3\C(=O)N(C)c4ccccc43)n2)cc1,5300,nM
CHEMBL4545784,Cc1ccc2c(c1)/C(=N/Nc1nc(-c3ccc(O)cc3)cs1)C(=O)N2,5300,nM
CHEMBL4439784,Cc1cccc2nc(-c3ccc(O)cc3)[nH]c12,5300,nM
CHEMBL4543481,Cc1cccc2nc(-c3ccc(Cl)cc3)[nH]c12,5300,nM
CHEMBL4550935,COc1ccc(-c2nc3cccc(C)c3[nH]2)cc1O,5300,nM
CHEMBL4482888,COc1ccc(O)c(-c2nc3cccc(C)c3[nH]2)c1,5300,nM
CHEMBL4483473,Cc1cccc2nc(-c3ccccc3[N+](=O)[O-])[nH]c12,5300,nM
CHEMBL4469378,Cc1cccc2nc(-c3cccc(O)c3O)[nH]c12,5300,nM
CHEMBL3409200,O=C1Nc2ccccc2/C1=N/Nc1nc(-c2ccc(F)cc2)cs1,5300,nM
CHEMBL4465548,COc1ccc(-c2csc(N/N=C3\C(=O)N(Cc4ccccc4F)c4ccc(C)cc43)n2)cc1,5300,nM
CHEMBL4538319,Cc1ccc(-c2csc(N/N=C3\C(=O)Nc4c(C)cc(C)cc43)n2)cc1,5300,nM
CHEMBL4549579,Cc1ccc(-c2csc(N/N=C3\C(=O)N(Cc4ccccc4F)c4ccc(C)cc43)n2)cc1,5300,nM
CHEMBL4475487,COc1ccc(-c2nc3cccc(C)c3[nH]2)c(O)c1,5300,nM
CHEMBL4460277,Cc1cccc2nc(-c3ccccc3F)[nH]c12,5300,nM
CHEMBL4567754,Cc1cccc2nc(-c3cccs3)[nH]c12,5300,nM
CHEMBL4453302,Cc1cccc2nc(-c3ccccc3Cl)[nH]c12,5300,nM
CHEMBL4453617,CN1C(=O)/C(=N\Nc2nc(-c3ccc(F)cc3)cs2)c2ccccc21,5300,nM
CHEMBL4579201,Cc1cccc2nc(-c3cccc(O)c3)[nH]c12,5300,nM
CHEMBL4550316,O=C1Nc2ccc(Cl)cc2/C1=N/Nc1nc(-c2ccc(Br)cc2)cs1,5300,nM
CHEMBL4461266,O=C1Nc2ccc(F)cc2/C1=N/Nc1nc(-c2ccc(F)cc2)cs1,5300,nM
CHEMBL4447344,Cc1cccc2nc(-c3ccc(O)cc3O)[nH]c12,5300,nM
CHEMBL4473648,Cc1cccc2nc(-c3cccc(Cl)c3)[nH]c12,5300,nM
CHEMBL4460518,Cc1ccc2c(c1)/C(=N/Nc1nc(-c3ccc(O)cc3)cs1)C(=O)N2Cc1ccccc1F,5300,nM
CHEMBL4555802,Cc1cccc2nc(-c3ccc(F)cc3)[nH]c12,5300,nM
CHEMBL4468486,Cc1cc(C)c2c(c1)/C(=N/Nc1nc(-c3ccc(F)cc3)cs1)C(=O)N2,5300,nM
CHEMBL4513279,COc1ccc(-c2csc(N/N=C3\C(=O)N(C)c4ccccc43)n2)cc1,5300,nM
CHEMBL4565093,Cc1cccc2nc(-c3ccncc3)[nH]c12,5300,nM
CHEMBL3407639,O=C(N/N=C/c1ccc(Cl)cc1)c1ccc(-c2nc3ccccc3s2)cc1,5310,nM
CHEMBL4289618,O=C1NC(=S)S/C1=C\c1ccc(OCN2C(=O)c3ccccc3C2=O)c(Cl)c1,5440,nM
CHEMBL3407624,O=C(N/N=C/c1ccccc1O)c1ccc(-c2nc3ccccc3s2)cc1,5550,nM
CHEMBL3407627,O=C(N/N=C/c1ccc(O)cc1O)c1ccc(-c2nc3ccccc3s2)cc1,5580,nM
CHEMBL4466646,CCCCOc1ccc(C(=O)n2nnc3ccccc32)cc1,5600,nM
CHEMBL4532649,O=C(c1ccc(F)c(F)c1Cl)n1nnc2ccccc21,5630,nM
CHEMBL323197,COc1c(O)cc2oc3cc(O)c(CC=C(C)C)c(O)c3c(=O)c2c1CC=C(C)C,5700,nM
CHEMBL4567979,O=C(Cn1cc(COc2cc(O)c3c(=O)c4ccc(Br)cc4oc3c2)nn1)Nc1ccc(O)cc1O,5870,nM
CHEMBL4564310,O=C1Nc2ccccc2C1(c1cn(Cc2cccc(F)c2)c2ccccc12)c1cn(Cc2cccc(F)c2)c2ccccc12,5900,nM
CHEMBL564411,Cn1cc(C2(c3cn(C)c4ccccc34)C(=O)Nc3ccccc32)c2ccccc21,5900,nM
CHEMBL4550304,CCCCn1cc(C2(c3cn(CCCC)c4ccccc34)C(=O)Nc3ccccc32)c2ccccc21,5900,nM
CHEMBL4436320,O=C1Nc2ccccc2C1(c1cn(Cc2ccccc2F)c2ccccc12)c1cn(Cc2ccccc2F)c2ccccc12,5900,nM
CHEMBL4435550,CC(C)n1cc(C2(c3cn(C(C)C)c4ccccc34)C(=O)Nc3ccccc32)c2ccccc21,5900,nM
CHEMBL4440702,Cc1ccc2c(c1)C(c1c[nH]c3ccccc13)(c1c[nH]c3ccccc13)C(=O)N2,5900,nM
CHEMBL4445238,O=C1Nc2ccccc2C1(c1cn(Cc2ccccc2)c2ccccc12)c1cn(Cc2ccccc2)c2ccccc12,5900,nM
CHEMBL4436361,CC(C)Cn1cc(C2(c3cn(CC(C)C)c4ccccc34)C(=O)Nc3ccccc32)c2ccccc21,5900,nM
CHEMBL4460080,O=C1Nc2ccccc2C1(c1cn(Cc2ccc(Br)cc2)c2ccccc12)c1cn(Cc2ccc(Br)cc2)c2ccccc12,5900,nM
CHEMBL4443865,CCCn1cc(C2(c3cn(CCC)c4ccccc34)C(=O)Nc3ccccc32)c2ccccc21,5900,nM
CHEMBL557057,O=C1Nc2ccccc2C1(c1c[nH]c2ccccc12)c1c[nH]c2ccccc12,5900,nM
CHEMBL2011865,O=C1Nc2ccc(Cl)cc2C1(c1c[nH]c2ccccc12)c1c[nH]c2ccccc12,5900,nM
CHEMBL4575035,O=C1Nc2ccccc2C1(c1cn(Cc2ccccc2Cl)c2ccccc12)c1cn(Cc2ccccc2Cl)c2ccccc12,5900,nM
CHEMBL4590423,O=C1Nc2ccc(Br)cc2C1(c1c[nH]c2ccccc12)c1c[nH]c2ccccc12,5900,nM
CHEMBL3349436,OCC1=C[C@H](NC(CO)CO)[C@H](O)[C@@H](O)[C@@H]1O,5900,nM
CHEMBL394682,C=C1CC[C@@H]2[C@](C)(COC(=O)c3cccnc3)[C@H](OC(=O)c3cccnc3)CC[C@@]2(C)[C@@H]1/C=C/C1=C/C(=C\c2ccc(Cl)cc2)OC1=O,6000,nM
CHEMBL4439490,O=C(Cn1cc(COc2cc(O)c3c(=O)c4ccc(O)cc4oc3c2)nn1)Nc1ccc(O)c(O)c1,6130,nM
CHEMBL4553656,COc1ccc(/C=N/NC(=O)c2nc(-c3cc4ccccc4oc3=O)cs2)c(O)c1,6200,nM
CHEMBL4456697,O=C(N/N=C/c1cccc(Cl)c1)c1nc(-c2cc3ccccc3oc2=O)cs1,6200,nM
CHEMBL4583678,O=C(N/N=C/c1ccc(Cl)cc1)c1nc(-c2cc3ccccc3oc2=O)cs1,6200,nM
CHEMBL4453289,O=C(N/N=C/c1cccc(Br)c1)c1nc(-c2cc3ccccc3oc2=O)cs1,6200,nM
CHEMBL4553128,O=C(N/N=C/c1ccc(O)c(F)c1)c1nc(-c2cc3ccccc3oc2=O)cs1,6200,nM
CHEMBL4516889,O=C(N/N=C/c1ccc(O)c(O)c1)c1nc(-c2cc3ccccc3oc2=O)cs1,6200,nM
CHEMBL4521797,O=C(N/N=C/c1ccccc1F)c1nc(-c2cc3ccccc3oc2=O)cs1,6200,nM
CHEMBL4476389,C(=N/Nc1nc(-c2ccc(-c3ccccc3)cc2)cs1)\c1cccc2ccccc12,6200,nM
CHEMBL4538234,COc1ccc(/C=N/NC(=O)c2nc(-c3cc4ccccc4oc3=O)cs2)cc1,6200,nM
CHEMBL4435153,O=C(N/N=C/c1ccc(C(F)(F)F)cc1)c1nc(-c2cc3ccccc3oc2=O)cs1,6200,nM
CHEMBL4468721,COc1ccccc1/C=N/NC(=O)c1nc(-c2cc3ccccc3oc2=O)cs1,6200,nM
CHEMBL4452388,O=C(N/N=C/c1cccc(F)c1)c1nc(-c2cc3ccccc3oc2=O)cs1,6200,nM
CHEMBL4574133,CC(C)(C)c1cc(/C=N/NC(=O)c2nc(-c3cc4ccccc4oc3=O)cs2)c(O)c(C(C)(C)C)c1,6200,nM
CHEMBL4444658,O=C(N/N=C/c1cc(O)ccc1O)c1nc(-c2cc3ccccc3oc2=O)cs1,6200,nM
CHEMBL4129528,O=C(N/N=C/c1cc(Cl)cc(Cl)c1O)c1nc(-c2cc3ccccc3oc2=O)cs1,6200,nM
CHEMBL4573047,O=C(N/N=C/c1ccc(O)cc1)c1nc(-c2cc3ccccc3oc2=O)cs1,6200,nM
CHEMBL4576919,O=C(N/N=C/c1ccccc1O)c1nc(-c2cc3ccccc3oc2=O)cs1,6200,nM
CHEMBL4460908,O=C(N/N=C/c1cc(Cl)ccc1O)c1nc(-c2cc3ccccc3oc2=O)cs1,6200,nM
CHEMBL3407617,COc1ccc(O)c(/C=N/NC(=O)c2ccc(-c3nc4ccccc4s3)cc2)c1,6500,nM
CHEMBL4294091,O=C1NC(=S)S/C1=C\c1ccc(OCN2C(=O)c3ccccc3C2=O)c([N+](=O)[O-])c1,6590,nM
CHEMBL4204289,COc1cc(-c2ccc(OCCBr)cc2)c(OC)c(OCCBr)c1-c1ccc(O)cc1,6670,nM
CHEMBL454551,COc1ccc([C@@H]2N[C@@H](CO)[C@H](O)[C@H]2O)cc1O,6700,nM
CHEMBL3407623,COc1ccc(/C=N/NC(=O)c2ccc(-c3nc4ccccc4s3)cc2)c(O)c1,6970,nM
CHEMBL4474751,O=C(Cn1cc(COc2cc(O)c3c(=O)c4cc(O)ccc4oc3c2)nn1)Nc1ccc(O)c(O)c1,7060,nM
CHEMBL3407632,O=C(N/N=C/c1ccc(F)cc1)c1ccc(-c2nc3ccccc3s2)cc1,7120,nM
CHEMBL4211872,COc1c(Br)c(-c2ccc(O)cc2)c(OC)c(O)c1-c1ccc(O)cc1,7140,nM
CHEMBL2051763,CO[C@H]1O[C@H](CO)[C@@H](N[C@H]2C=C(CO)[C@@H](O)[C@H](O)[C@H]2O)[C@H](O)[C@H]1O,7200,nM
CHEMBL4079099,CC1(C)CCc2cc(CC3=C(c4ccc(O)cc4)[C@@](O)(C(=O)O)OC3=O)ccc2O1,7630,nM
CHEMBL4281051,CCOc1cc(/C=C2\SC(=S)NC2=O)ccc1OCN1C(=O)c2ccccc2C1=O,7720,nM
CHEMBL4292355,O=C1NC(=S)S/C1=C\c1ccc(OCN2C(=O)c3ccccc3C2=O)cc1,7910,nM
CHEMBL3407634,O=C(N/N=C/c1ccccc1)c1ccc(-c2nc3ccccc3s2)cc1,8050,nM
CHEMBL3407638,O=C(N/N=C/c1ccc(O)c(Br)c1)c1ccc(-c2nc3ccccc3s2)cc1,8070,nM
CHEMBL4570383,COc1ccc(-n2c(-c3c(-c4ccc(Cl)cc4)[nH]c4ccc(Cl)cc34)nc(-c3ccccc3)c2-c2ccccc2)cc1,8300,nM
CHEMBL4579286,Fc1ccc2[nH]c(-c3ccccc3)c(-c3nc(-c4ccccc4)c(-c4ccccc4)n3-c3cccc(Cl)c3)c2c1,8300,nM
CHEMBL3622692,FC(F)(F)c1ccc(-c2[nH]c3ccccc3c2-c2nc(-c3ccccc3)c(-c3ccccc3)n2-c2ccccc2)cc1,8300,nM
CHEMBL4465477,Fc1ccc2[nH]c(-c3ccccc3)c(-c3nc(-c4ccccc4)c(-c4ccccc4)n3-c3ccccc3)c2c1,8300,nM
CHEMBL4460633,Clc1cccc(-c2[nH]c3ccccc3c2-c2nc(-c3ccccc3)c(-c3ccccc3)n2-c2ccccc2)c1,8300,nM
CHEMBL4531602,CC(=O)Nc1ccc(-n2c(-c3c(-c4ccccc4)[nH]c4ccc(F)cc34)nc(-c3ccccc3)c2-c2ccccc2)cc1,8300,nM
CHEMBL4576623,COc1ccc(-n2c(-c3c(-c4cccc(Br)c4)[nH]c4ccccc34)nc(-c3ccccc3)c2-c2ccccc2)cc1,8300,nM
CHEMBL4551286,Brc1ccc(-n2c(-c3c(-c4cccc(Br)c4)[nH]c4ccccc34)nc(-c3ccccc3)c2-c2ccccc2)cc1,8300,nM
CHEMBL4519790,COc1ccc(NC(=O)Cn2cc(COc3cc(O)c4c(=O)c5cc(OC)ccc5oc4c3)nn2)c(OC)c1,8310,nM
CHEMBL3407637,O=C(N/N=C/c1c(O)cc(O)cc1O)c1ccc(-c2nc3ccccc3s2)cc1,8370,nM
CHEMBL2093897,OC[C@@H]1N[C@H](CO)[C@@H](O)[C@H](O)[C@H]1O,8400,nM
CHEMBL3407621,O=C(N/N=C/c1cccs1)c1ccc(-c2nc3ccccc3s2)cc1,8480,nM
CHEMBL4210494,COc1cc(-c2ccc(O)cc2)c(OC)c(OCCC(C)C)c1-c1ccc(O)cc1,8580,nM
CHEMBL4216866,CO[C@H]1OC(=O)C(Cc2ccc(O)c(CC=C(C)C)c2)=C1c1ccc(O)cc1,8650,nM
CHEMBL4216906,CCCOc1ccc(-c2cc(OC)c(-c3ccc(O)cc3)c(OCCC)c2OC)cc1,8690,nM
CHEMBL4209056,C=CCOc1ccc(-c2cc(OC)c(-c3ccc(O)cc3)c(OCC=C)c2OC)cc1,8770,nM
CHEMBL4576254,C=C(C)C(COc1c2ccoc2cc2oc(=O)ccc12)OC(C)(C)C(O)COc1c2occc2c(OC)c2ccc(=O)oc12,8800,nM
CHEMBL4464398,C=C(C)C(COc1c2occc2cc2ccc(=O)oc12)OC(C)(C)[C@H](O)COc1c2ccoc2cc2oc(=O)ccc12,8800,nM
CHEMBL4537425,C=C(C)C(COc1c2occc2c(OC)c2ccc(=O)oc12)OC(C)(C)[C@H](O)COc1c2ccoc2cc2oc(=O)ccc12,8800,nM
CHEMBL1182462,OC[C@@H]1[C@@H](O)[C@H](O)C[S+]1C[C@@H](O)[C@@H](O)CO,9000,nM
CHEMBL1684162,[O-][C@@H](CO)[C@H](O)C[S@+]1C[C@@H](O)[C@H](O)[C@H]1CO,9000,nM
CHEMBL3407641,O=C(N/N=C/c1cccc(O)c1)c1ccc(-c2nc3ccccc3s2)cc1,9210,nM
CHEMBL4783560,OC[C@@H]1N[C@@H](c2ccc(O)cc2)[C@H](O)[C@H]1O,9300,nM
CHEMBL4547068,Clc1ccc(/N=c2\scc(-c3ccc(Cl)cc3)n2Nc2ccccc2)cc1,9600,nM
CHEMBL4203235,CO[C@@H]1OC(=O)C(Cc2ccc(O)c(CC=C(C)C)c2)=C1c1ccc(O)cc1,9980,nM
CHEMBL5203236,O=c1[nH]c2ccccc2nc1N/N=C/c1cccs1,9990,nM
CHEMBL4238409,CCC1NC(CC)C(O)C(O)C1O,10000,nM
CHEMBL4216316,CCCOc1ccc(-c2cc(OC)c(-c3ccc(O)cc3)c(O)c2OC)cc1,10000,nM
CHEMBL1086997,CCCCN1C[C@H](O)[C@@H](O)[C@@H](O)[C@H]1CO,10000,nM
CHEMBL4203265,C=C(CCC=C(C)C)C(O)Cc1c(O)c(CC=C(C)C)c(O)c2c(=O)c3cc(O)ccc3oc12,10100,nM
CHEMBL3407618,O=C(N/N=C\c1ccccn1)c1ccc(-c2nc3ccccc3s2)cc1,10230,nM
CHEMBL4070953,COC(=O)[C@@]1(O)OC(=O)C(Cc2ccc3c(c2)CCC(C)(C)O3)=C1c1ccc(O)cc1,10300,nM
CHEMBL5201393,CC(C)=CCc1cc(C[C@@]2(C(=O)O)OC(=O)C(OC(C)(C)[C@@H](O)Cc3cc(C[C@@]4(C(=O)O)OC(=O)C(O)=C4c4ccc(O)cc4)ccc3O)=C2c2ccc(O)cc2)ccc1O,10500,nM
CHEMBL4209580,CCCOc1ccc(-c2c(OC)cc(-c3ccc(O)cc3)c(OC)c2OCCC)cc1,10700,nM
CHEMBL394049,C=C1CC[C@@H]2[C@](C)(COC(=O)c3cccnc3)[C@H](OC(=O)c3cccnc3)CC[C@@]2(C)[C@@H]1/C=C/C1=C/C(=C\c2ccc(OC)cc2)OC1=O,11000,nM
CHEMBL3407640,COc1cccc(/C=N/NC(=O)c2ccc(-c3nc4ccccc4s3)cc2)c1,11090,nM
CHEMBL3407646,O=C(N/N=C/c1cc(O)cc(O)c1)c1ccc(-c2nc3ccccc3s2)cc1,11120,nM
CHEMBL3407622,O=C(N/N=C/c1cccc(O)c1O)c1ccc(-c2nc3ccccc3s2)cc1,11220,nM
CHEMBL3407620,O=C(N/N=C/c1ccc(O)cc1)c1ccc(-c2nc3ccccc3s2)cc1,11290,nM
CHEMBL1795465,COc1cc(-c2ccc(O)cc2)c(OC)c(O)c1-c1ccc(O)c(O)c1,11300,nM
CHEMBL561643,COc1c(O)cc2oc3cc4c(c(O)c3c(=O)c2c1CC=C(C)C)C=CC(C)(C)O4,11400,nM
CHEMBL4097120,CC1(C)CCc2cc(CC3OC(=O)C(O)=C3c3ccc(O)cc3)ccc2O1,11650,nM
CHEMBL4580943,COc1ccc(NC(=O)Cn2cc(COc3cc(O)c4c(=O)c5ccc(Br)cc5oc4c3)nn2)cc1OC,11820,nM
CHEMBL3407645,O=C(N/N=C/c1cc(O)ccc1O)c1ccc(-c2nc3ccccc3s2)cc1,11850,nM
CHEMBL4471224,COc1ccc(NC(=O)Cn2cc(COc3cc(OC(C)=O)c4c(=O)c5cc(Br)ccc5oc4c3)nn2)c(OC)c1,12130,nM
CHEMBL4202793,COc1cc(-c2ccc(OCc3ccc(-c4ccccc4)cc3)cc2)c(OC)c(O)c1-c1ccc(O)cc1,12200,nM
CHEMBL4213889,CCCOc1ccc(-c2c(OC)cc(-c3ccc(O)cc3)c(OC)c2O)cc1,12300,nM
CHEMBL4211086,COc1cc(-c2ccc(OCc3ccccc3)cc2)c(OC)c(O)c1-c1ccc(O)cc1,12500,nM
CHEMBL4206199,COc1cc(-c2ccc(O)cc2)c(OC)c(O)c1-c1ccc(OCc2ccccc2)cc1,12500,nM
CHEMBL3407625,O=C(N/N=C\c1ccco1)c1ccc(-c2nc3ccccc3s2)cc1,12750,nM
CHEMBL4515488,COc1ccc(NC(=O)Cn2cc(COc3cc(OC(C)=O)c4c(=O)c5ccc(Br)cc5oc4c3)nn2)c(OC)c1,12780,nM
CHEMBL5200953,O=c1[nH]c2ccccc2n2c(-c3ccc(O)cc3O)ccc12,12910,nM
CHEMBL5179709,O=c1[nH]c2ccccc2n2c(-c3ccc(Cl)c(Cl)c3)ccc12,12980,nM
CHEMBL4206986,COc1cc(-c2ccc(O)cc2)c(O)c(O)c1-c1ccc(O)cc1,13200,nM
CHEMBL4213599,CC1(C)CCc2cc(CC3=C(c4ccc(O)cc4)C(O)OC3=O)ccc2O1,13360,nM
CHEMBL4202640,C=C(C)C(O)CC/C(C)=C/COc1ccc2oc3cc(O)cc(O)c3c(=O)c2c1,13700,nM
CHEMBL5194852,COc1cccc(/C=N/Nc2nc3ccccc3[nH]c2=O)c1,13930,nM
CHEMBL4473758,COc1cc(-c2ccc(C)cc2)ccc1O[C@H](C)Cn1cc(-c2ccc(C(F)(F)F)cc2)nn1,14000,nM
CHEMBL4465339,COc1ccc(-c2ccc(O[C@H](C)Cn3cc(-c4ccc(C(F)(F)F)cc4)nn3)c(OC)c2)cc1,14000,nM
CHEMBL4526260,COc1cc(-c2ccc([N+](=O)[O-])cc2)ccc1O[C@H](C)Cn1cc(-c2ccc(C(F)(F)F)cc2)nn1,14000,nM
CHEMBL1795467,COc1cc(-c2ccc(O)c(O)c2)c(OC)c(O)c1-c1ccc(O)c(O)c1,14000,nM
CHEMBL4586054,COc1cc(Br)ccc1O[C@H](C)Cn1cc(-c2ccc(C(F)(F)F)cc2)nn1,14000,nM
CHEMBL4553154,COC(=O)c1cn(C[C@@H](C)Oc2ccc(Br)cc2OC)nn1,14000,nM
CHEMBL4581675,COc1cc(Br)ccc1O[C@H](C)Cn1cc(-c2ccccc2)nn1,14000,nM
CHEMBL4543995,COc1cc(-c2ccc(F)cc2)ccc1O[C@H](C)Cn1cc(-c2ccc(C(F)(F)F)cc2)nn1,14000,nM
CHEMBL4554505,COc1cc(Br)ccc1O[C@H](C)Cn1cc(-c2ccc(F)cc2)nn1,14000,nM
CHEMBL396679,C=C1CC[C@@H]2[C@](C)(COC(=O)c3cccnc3)[C@H](OC(=O)c3cccnc3)CC[C@@]2(C)[C@@H]1/C=C/C1=C/C(=C\c2cccc(Br)c2)OC1=O,14000,nM
CHEMBL4213032,O=C(/C=C(O)/C=C/c1ccco1)c1cc(O)ccc1O,14100,nM
CHEMBL517026,COC(=O)[C@]1(Cc2ccc(O)c(CC=C(C)C)c2)OC(=O)C(O)=C1c1ccc(O)cc1,14180,nM
CHEMBL2331563,O=C(/C=C(O)/C=C/c1ccc(O)c(O)c1)c1ccccc1O,14300,nM
CHEMBL4205623,COc1cc(-c2ccc(OCCC(C)C)cc2)c(OC)c(O)c1-c1ccc(O)cc1,14300,nM
CHEMBL3984954,Cc1ccc(NC(=O)Cn2cc(Cn3c(-c4cccc(Cl)c4)nc(-c4ccccc4)c3-c3ccccc3)nn2)c(C)c1,15000,nM
CHEMBL3901489,CCOc1ccc(NC(=O)Cn2cc(Cn3c(-c4ccc(C(=O)OC)cc4)nc(-c4ccccc4)c3-c3ccccc3)nn2)cc1,15000,nM
CHEMBL3976877,COc1ccc(-c2nc(-c3ccccc3)c(-c3ccccc3)n2Cc2cn(CC(=O)Nc3ccc(Cl)cc3Cl)nn2)cc1OC,15000,nM
CHEMBL3901221,COc1ccc(NC(=O)Cn2cc(Cn3c(-c4cccc(Cl)c4)nc(-c4ccccc4)c3-c3ccccc3)nn2)cc1,15000,nM
CHEMBL3919478,CCOc1ccccc1NC(=O)Cn1cc(Cn2c(-c3ccccc3F)nc(-c3ccccc3)c2-c2ccccc2)nn1,15000,nM
CHEMBL3980621,COC(=O)c1ccc(-c2nc(-c3ccccc3)c(-c3ccccc3)n2Cc2cn(CC(=O)Nc3cc(Cl)ccc3Cl)nn2)cc1,15000,nM
CHEMBL3924165,O=C(Cn1cc(Cn2c(-c3ccc(Br)cc3)nc(-c3ccccc3)c2-c2ccccc2)nn1)Nc1ccc(F)cc1,15000,nM
CHEMBL3968348,Cc1ccccc1NC(=O)Cn1cc(Cn2c(-c3ccc(Br)cc3)nc(-c3ccccc3)c2-c2ccccc2)nn1,15000,nM
CHEMBL3896149,Cc1ccc(NC(=O)Cn2cc(Cn3c(-c4cccc(F)c4)nc(-c4ccccc4)c3-c3ccccc3)nn2)c(C)c1,15000,nM
CHEMBL3923085,COc1ccc(NC(=O)Cn2cc(Cn3c(-c4cccs4)nc(-c4ccccc4)c3-c3ccccc3)nn2)cc1,15000,nM
CHEMBL3910543,COc1ccccc1-c1nc(-c2ccccc2)c(-c2ccccc2)n1Cc1cn(CC(=O)Nc2ccc(C)cc2)nn1,15000,nM
CHEMBL3906188,CCOc1ccc(NC(=O)Cn2cc(Cn3c(-c4cccc(Cl)c4)nc(-c4ccccc4)c3-c3ccccc3)nn2)cc1,15000,nM
CHEMBL3900431,O=C(Cn1cc(Cn2c(-c3ccc(F)cc3)nc(-c3ccccc3)c2-c2ccccc2)nn1)Nc1ccc(Cl)cc1Cl,15000,nM
CHEMBL3936073,Cc1ccccc1NC(=O)Cn1cc(Cn2c(-c3cccc(F)c3)nc(-c3ccccc3)c2-c2ccccc2)nn1,15000,nM
CHEMBL3891396,CCOc1ccccc1NC(=O)Cn1cc(Cn2c(-c3cccc(Br)c3)nc(-c3ccccc3)c2-c2ccccc2)nn1,15000,nM
CHEMBL1088158,OC[C@@H]1[C@H](O)[C@H](O)[C@@H](O)CN1CCCCCOCC12CC3CC(CC(C3)C1)C2,15000,nM
CHEMBL3407626,O=C(N/N=C/c1ccc(O)c(O)c1)c1ccc(-c2nc3ccccc3s2)cc1,15090,nM
CHEMBL4216309,O=C(/C=C(O)/C=C/c1ccc(O)c(O)c1)c1cc(Cl)ccc1O,15100,nM
CHEMBL4299399,C[C@@H]1O[C@@H](O[C@@H]2[C@@H](O)[C@H](O)[C@H](O[C@H]3[C@H](O)[C@@H](O)C(O)O[C@@H]3CO)O[C@H]2CO)[C@@H](O)[C@H](O)[C@H]1N[C@H]1C=C(CO)[C@@H](O)[C@H](O)[C@H]1O,15200,nM
CHEMBL5175917,CC/C=C\C/C=C\CCC(=O)O[C@@]12[C@H](OC(=O)[C@@H](C)CC)[C@@H](C)[C@@]3(O)[C@@H](C(=O)C(CO)=C[C@]4(O)C(=O)C(C)=C[C@@H]34)[C@@H]1C2(C)C,15300,nM
CHEMBL4564699,CC(C)=CCC/C(C)=C/CC/C(C)=C/CCC(C)(O)CCc1c(O)c(O)cc2oc3cc(O)cc(O)c3c(=O)c12,15400,nM
CHEMBL4538081,O=C(Cn1cc(COc2cc(O)c3c(=O)c4cc(O)ccc4oc3c2)nn1)Nc1ccc(O)cc1O,15620,nM
CHEMBL4446840,COc1ccc2c(=O)c3c(O)cc(OCc4cn(CC(=O)Nc5ccc(OC)c(OC)c5)nn4)cc3oc2c1,15900,nM
CHEMBL396678,C=C1CC[C@@H]2[C@](C)(COC(=O)c3cccnc3)[C@H](OC(=O)c3cccnc3)CC[C@@]2(C)[C@@H]1/C=C/C1=C/C(=C\c2ccccc2)OC1=O,16000,nM
CHEMBL377520,C=C1CC[C@@H]2[C@](C)(CO)[C@H](O)CC[C@@]2(C)[C@@H]1/C=C/C1=C/C(=C/c2ccc(OC)cc2)OC1=O,16000,nM
CHEMBL4213017,COc1cc(-c2ccc(OCCBr)cc2)c(OC)c(O)c1-c1ccc(O)cc1,16100,nM
CHEMBL4208135,CC(C)=CCCC(C)(O)C1Cc2c(c(CC=C(C)C)c(O)c3c(=O)c4cc(O)ccc4oc23)O1,16100,nM
CHEMBL4280619,COc1cc(/C=C2\SC(=S)NC2=O)ccc1OCN1C(=O)c2ccccc2C1=O,16110,nM
CHEMBL3407633,COc1cc(/C=N/NC(=O)c2ccc(-c3nc4ccccc4s3)cc2)cc(OC)c1,16170,nM
CHEMBL422734,CCCCCCCCNC1C=C(CO)C(O)C(O)C1O,17000,nM
CHEMBL1782241,CC(C)=CCC/C(C)=C/Cc1c(O)c(CC=C(C)C)c(O)c2c(=O)c3cc(O)ccc3oc12,17400,nM
CHEMBL4209575,COc1cc(-c2ccc(O)cc2)c(OC)c(O)c1-c1ccc(OCC=C(C)C)cc1,17500,nM
CHEMBL4560628,O=C(Cn1cc(COc2cc(O)c3c(=O)c4ccc(O)cc4oc3c2)nn1)Nc1ccc(O)cc1O,17610,nM
CHEMBL4208107,COc1cc(-c2ccc(O)cc2)c(OC)c(O)c1-c1ccc(OCCBr)cc1,18000,nM
CHEMBL3407636,COc1ccc(/C=N/NC(=O)c2ccc(-c3nc4ccccc4s3)cc2)cc1,18330,nM
CHEMBL4217433,COc1cc(-c2ccc(O)cc2)c(OC)c(OCCBr)c1-c1ccc(O)cc1,18800,nM
CHEMBL5202537,C=CCc1cc(-c2cc(CC=C)c3oc(SCc4nnc(-c5cccc(C)c5)o4)nc3c2)c2oc(SCc3nnc(-c4cccc(C)c4)o3)nc2c1,18900,nM
CHEMBL4568608,Cc1ccc(-c2cc(-c3cccc(Br)c3)nc(SCc3cccc(F)c3)n2)cc1,19000,nM
CHEMBL4527538,Cc1ccc(-c2cc(-c3ccc(Br)cc3)nc(SCc3ccccc3Br)n2)cc1,19000,nM
CHEMBL4572048,Clc1ccccc1CSc1nc(-c2ccc(Br)cc2)cc(-c2ccc(Br)cc2)n1,19000,nM
CHEMBL3186053,COC(=O)CC(C)=O,19000,nM
CHEMBL4449386,Cc1ccc(-c2cc(-c3cccc(Br)c3)nc(SCc3ccccc3Cl)n2)cc1,19000,nM
CHEMBL4545982,Fc1cccc(CSc2nc(-c3ccc(Br)cc3)cc(-c3cccc(Br)c3)n2)c1,19000,nM
CHEMBL4460212,Clc1ccc(CSc2nc(-c3ccc(Br)cc3)cc(-c3ccc(Br)cc3)n2)cc1,19000,nM
CHEMBL4437052,Fc1cccc(CSc2nc(-c3ccc(Br)cc3)cc(-c3ccc(Br)cc3)n2)c1,19000,nM
CHEMBL4458760,Cc1ccc(-c2cc(-c3cccc(Br)c3)nc(SCc3ccc(F)cc3)n2)cc1,19000,nM
CHEMBL4454092,Fc1ccc(CSc2nc(-c3ccc(Br)cc3)cc(-c3ccc(Br)cc3)n2)cc1,19000,nM
CHEMBL4465909,Fc1ccccc1CSc1nc(-c2ccc(Br)cc2)cc(-c2ccc(Br)cc2)n1,19000,nM
CHEMBL4575673,Clc1ccccc1CSc1nc(-c2ccc(Br)cc2)cc(-c2cccc(Br)c2)n1,19000,nM
CHEMBL4539474,Cc1ccc(-c2cc(-c3ccc(Br)cc3)nc(SCc3ccc(Cl)cc3)n2)cc1,19000,nM
CHEMBL4207664,COc1cc(-c2ccc(O)cc2)c(OC)c(OCc2ccccc2)c1-c1ccc(O)cc1,19100,nM
CHEMBL4218824,CCCOc1c(OC)c(-c2ccc(O)cc2)cc(OC)c1-c1ccc(O)cc1,19300,nM
CHEMBL4212356,O=C(/C=C(O)/C=C/c1cc(O)ccc1O)c1cc(O)ccc1O,19600,nM
CHEMBL4470944,Nc1c(C(c2ccccc2Cl)c2c(N)c3ccccc3oc2=O)c(=O)oc2ccccc12,20000,nM
CHEMBL4475632,Cn1cc(-c2nnc(-c3ccc(C(c4c[nH]c5ccc(C#N)cc45)c4c[nH]c5ccc(C#N)cc45)cc3)o2)c2ccccc21,20000,nM
CHEMBL4584797,Cc1c(C(c2ccc(-c3nnc(-c4cn(C)c5ccccc45)o3)cc2)c2c(C)n(C)c3ccccc23)c2ccccc2n1C,20000,nM
CHEMBL4472054,Cn1cc(-c2nnc(-c3ccc(C(c4c[nH]c5ccc(Cl)cc45)c4c[nH]c5ccc(Cl)cc45)cc3)o2)c2ccccc21,20000,nM
CHEMBL4551747,CC(C)(C)c1ccc(Cn2cc(CSc3nc4cc(Cl)ccc4s3)nn2)cc1,20000,nM
CHEMBL4465720,Nc1c(C(c2cccc(F)c2)c2c(N)c3ccccc3oc2=O)c(=O)oc2ccccc12,20000,nM
CHEMBL4578211,Cn1cc(-c2nnc(-c3ccc(C(c4cn(C)c5ccccc45)c4cn(C)c5ccccc45)cc3)o2)c2ccccc21,20000,nM
CHEMBL4454670,Cc1[nH]c2ccccc2c1-c1nnc(-c2ccc(C(c3c[nH]c4ccc(Br)cc34)c3c[nH]c4ccc(Br)cc34)cc2)o1,20000,nM
CHEMBL4569769,Cc1[nH]c2ccccc2c1-c1nnc(-c2ccc(C(c3c[nH]c4ccc(C#N)cc34)c3c[nH]c4ccc(C#N)cc34)cc2)o1,20000,nM
CHEMBL4457442,Clc1cc(Cl)cc(Cn2cc(CSc3nc4cc(Cl)ccc4s3)nn2)c1,20000,nM
CHEMBL4463405,Fc1cccc(Cn2cc(CSc3nc4ccccc4s3)nn2)c1,20000,nM
CHEMBL4457153,Brc1ccccc1Cn1cc(CSc2nc3ccccc3s2)nn1,20000,nM
CHEMBL4458326,Brc1ccc(Cn2cc(CSc3nc4ccccc4s3)nn2)cc1,20000,nM
CHEMBL4462234,Fc1ccccc1Cn1cc(CSc2nc3cc(Cl)ccc3s2)nn1,20000,nM
CHEMBL4468287,Cn1cc(-c2nnc(-c3ccc(C(c4c[nH]c5ccc(Br)cc45)c4c[nH]c5ccc(Br)cc45)cc3)o2)c2ccccc21,20000,nM
CHEMBL4544255,Cn1cc(-c2nnc(-c3ccc(C(c4c(-c5ccccc5)[nH]c5ccccc45)c4c(-c5ccccc5)[nH]c5ccccc45)cc3)o2)c2ccccc21,20000,nM
CHEMBL4554161,Cn1cc(-c2nnc(-c3ccc(C(c4c[nH]c5ccccc45)c4c[nH]c5ccccc45)cc3)o2)c2ccccc21,20000,nM
CHEMBL4462160,COc1cc(C(c2c(N)c3ccccc3oc2=O)c2c(N)c3ccccc3oc2=O)cc(Br)c1O,20000,nM
CHEMBL4483439,Clc1ccc2sc(SCc3cn(Cc4ccccc4)nn3)nc2c1,20000,nM
CHEMBL4468008,Nc1c(C(c2ccc(O)cc2)c2c(N)c3ccccc3oc2=O)c(=O)oc2ccccc12,20000,nM
CHEMBL4473217,Clc1ccc2sc(SCc3cn(Cc4ccccc4Br)nn3)nc2c1,20000,nM
CHEMBL4521652,Cc1cccc(C(c2c(N)c3ccccc3oc2=O)c2c(N)c3ccccc3oc2=O)c1,20000,nM
CHEMBL4472698,COc1cccc(C(c2c(N)c3ccccc3oc2=O)c2c(N)c3ccccc3oc2=O)c1,20000,nM
CHEMBL4590046,Cc1[nH]c2ccccc2c1-c1nnc(-c2ccc(C(c3c[nH]c4ccccc34)c3c[nH]c4ccccc34)cc2)o1,20000,nM
CHEMBL4447911,Clc1ccc2[nH]cc(C(c3ccc(-c4nnc(-c5c[nH]c6ccccc56)o4)cc3)c3c[nH]c4ccc(Cl)cc34)c2c1,20000,nM
CHEMBL4443928,Clc1ccc2sc(SCc3cn(Cc4ccc(Br)cc4)nn3)nc2c1,20000,nM
CHEMBL4574530,Cn1cc(C(c2ccc(-c3nnc(-c4c[nH]c5ccccc45)o3)cc2)c2cn(C)c3ccccc23)c2ccccc21,20000,nM
CHEMBL4555132,Cc1[nH]c2ccccc2c1-c1nnc(-c2ccc(C(c3c(-c4ccccc4)[nH]c4ccccc34)c3c(-c4ccccc4)[nH]c4ccccc34)cc2)o1,20000,nM
CHEMBL4521721,COc1cc(C(c2c(N)c3ccccc3oc2=O)c2c(N)c3ccccc3oc2=O)cc(Cl)c1O,20000,nM
CHEMBL4458754,Nc1c(C(c2cccc(Cl)c2)c2c(N)c3ccccc3oc2=O)c(=O)oc2ccccc12,20000,nM
CHEMBL4440810,Cc1[nH]c2ccccc2c1-c1nnc(-c2ccc(C(c3cn(C)c4ccccc34)c3cn(C)c4ccccc34)cc2)o1,20000,nM
CHEMBL4459976,Cc1ccc(C(c2c(N)c3ccccc3oc2=O)c2c(N)c3ccccc3oc2=O)cc1,20000,nM
CHEMBL4475117,Cc1[nH]c2ccccc2c1-c1nnc(-c2ccc(C(c3c[nH]c4ccc(Cl)cc34)c3c[nH]c4ccc(Cl)cc34)cc2)o1,20000,nM
CHEMBL4451317,N#Cc1ccc2[nH]cc(C(c3ccc(-c4nnc(-c5c[nH]c6ccccc56)o4)cc3)c3c[nH]c4ccc(C#N)cc34)c2c1,20000,nM
CHEMBL4586570,Fc1ccc(Cn2cc(CSc3nc4cc(Cl)ccc4s3)nn2)cc1,20000,nM
CHEMBL4475743,Clc1cc(Cl)cc(Cn2cc(CSc3nc4ccccc4s3)nn2)c1,20000,nM
CHEMBL4556172,Nc1c(C(c2ccc([N+](=O)[O-])cc2)c2c(N)c3ccccc3oc2=O)c(=O)oc2ccccc12,20000,nM
CHEMBL4570923,Nc1c(C(c2ccccc2F)c2c(N)c3ccccc3oc2=O)c(=O)oc2ccccc12,20000,nM
CHEMBL4569072,Nc1c(C(c2cccc(Br)c2)c2c(N)c3ccccc3oc2=O)c(=O)oc2ccccc12,20000,nM
CHEMBL4468782,c1ccc2c(-c3nnc(-c4ccc(C(c5c[nH]c6ccccc56)c5c[nH]c6ccccc56)cc4)o3)c[nH]c2c1,20000,nM
CHEMBL4587284,Cc1[nH]c2ccccc2c1-c1nnc(-c2ccc(C(c3c(C)n(C)c4ccccc34)c3c(C)n(C)c4ccccc34)cc2)o1,20000,nM
CHEMBL4541097,Cc1c(C(c2ccc(-c3nnc(-c4c[nH]c5ccccc45)o3)cc2)c2c(C)n(C)c3ccccc23)c2ccccc2n1C,20000,nM
CHEMBL4483090,c1ccc(-c2[nH]c3ccccc3c2C(c2ccc(-c3nnc(-c4c[nH]c5ccccc45)o3)cc2)c2c(-c3ccccc3)[nH]c3ccccc23)cc1,20000,nM
CHEMBL4440340,Clc1ccc(Cn2cc(CSc3nc4cc(Cl)ccc4s3)nn2)cc1,20000,nM
CHEMBL4547082,CC(C)(C)c1ccc(Cn2cc(CSc3nc4ccccc4s3)nn2)cc1,20000,nM
CHEMBL4531264,Nc1c(C(c2ccccc2)c2c(N)c3ccccc3oc2=O)c(=O)oc2ccccc12,20000,nM
CHEMBL4208620,O=C(/C=C(O)/C=C/c1cc(O)ccc1O)c1ccc(O)cc1O,20000,nM
CHEMBL4580550,Fc1cccc(Cn2cc(CSc3nc4cc(Cl)ccc4s3)nn2)c1,20000,nM
CHEMBL4551296,Clc1ccc(Cn2cc(CSc3nc4ccccc4s3)nn2)cc1,20000,nM
CHEMBL4526264,Clc1ccc2sc(SCc3cn(Cc4ccccc4Cl)nn3)nc2c1,20000,nM
CHEMBL4204714,COc1cc(-c2ccc(OCC=C(C)C)cc2)c(OC)c(O)c1-c1ccc(O)cc1,20100,nM
CHEMBL4215507,C#CCOc1ccc(-c2cc(OC)c(-c3ccc(O)cc3)c(OCC#C)c2OC)cc1,20100,nM
CHEMBL4208759,O=C1/C(=C/c2ccccc2)CCC/C1=C\c1ccc(O)c(O)c1,20300,nM
CHEMBL4209191,CC(C)=CCC/C(C)=C/COc1ccc2oc3cc(O)cc(O)c3c(=O)c2c1,20600,nM
CHEMBL4291262,O=C1NC(=O)/C(=C/c2ccc(OCN3C(=O)c4ccccc4C3=O)c(Cl)c2)S1,20950,nM
CHEMBL4528769,Oc1ccc(Br)cc1-c1nc2cc(Cl)ccc2s1,22000,nM
CHEMBL4277622,O=C1NC(=O)/C(=C/c2ccc(OCN3C(=O)c4ccccc4C3=O)c([N+](=O)[O-])c2)S1,22480,nM
CHEMBL261706,COc1cc2oc3cc(O)c(OC)c(CC=C(C)C)c3c(=O)c2c(O)c1CC=C(C)C,22600,nM
CHEMBL4207509,O=C1C=C(c2ccc(O)cc2)C(=O)C(O)=C1c1ccc(O)cc1,22700,nM
CHEMBL4215785,Cc1cc(O)cc(O)c1C(=O)O[C@H]1[C@@H]2COC(/C=C/C=O)=CC2=CC(=O)[C@@]1(C)O,22900,nM
CHEMBL5207115,O=c1[nH]c2ccccc2n2c(-c3ccc([N+](=O)[O-])cc3[N+](=O)[O-])ccc12,22990,nM
CHEMBL4458477,CSCC[C@H](NC(=O)[C@H](CC(C)C)NC(=O)[C@H](CO)NC(=O)[C@@H]1CCCN1C(=O)[C@@H](NC(=O)[C@@H](N)CCCNC(=N)N)C(C)C)C(=O)O,23070,nM
CHEMBL4206708,COc1cc(-c2ccc(O)cc2)c(OC)c(OCC=C(C)C)c1-c1ccc(O)cc1,23400,nM
CHEMBL5186121,C=CCc1cc(-c2cc(CC=C)c3oc(SCc4nnc(-c5cccc(OC)c5)o4)nc3c2)c2oc(SCc3nnc(-c4cccc(OC)c4)o3)nc2c1,24500,nM
CHEMBL437564,C=C1CC[C@@H]2[C@](C)(COC(=O)c3cccnc3)[C@H](OC(=O)c3cccnc3)CC[C@@]2(C)[C@@H]1/C=C/C1=C/C(=C\c2ccc(N(C)C)cc2)OC1=O,25000,nM
CHEMBL5178321,C=CCc1cc(-c2cc(CC=C)c3oc(SCc4nnc(-c5ccccc5C)o4)nc3c2)c2oc(SCc3nnc(-c4ccccc4C)o3)nc2c1,25000,nM
CHEMBL5084733,C=C1C(=O)O[C@@H]2/C=C(\C)[C@@H](O)C/C=C(\C)C[C@@H](OC(=O)/C(=C\C)COC(C)=O)[C@@H]12,25000,nM
CHEMBL5077500,C=C1C(=O)O[C@@H]2/C=C(\C)CC/C=C(\CO)C[C@@H](OC(=O)/C(C)=C/C)[C@@H]12,25000,nM
CHEMBL5088957,C=C1C(=O)O[C@@H]2/C=C(\C)CC/C=C(\C)C[C@@H](OC(=O)/C(=C/C)COC(C)=O)[C@@H]12,25000,nM
CHEMBL5075131,C=C1C(=O)O[C@@H]2/C=C(\C)C[C@H](O)/C=C(\C)C[C@@H](OC(=O)/C(=C\C)COC(C)=O)[C@@H]12,25000,nM
CHEMBL4580552,CC(C)=CCC/C(C)=C/CCC(C)(O)CCc1c(O)c(O)cc2oc3cc(O)cc(O)c3c(=O)c12,25400,nM
CHEMBL1782240,CC(C)=CCc1c(O)c(CC=C(C)C)c2oc3ccc(O)cc3c(=O)c2c1O,25500,nM
CHEMBL4284072,O=C1NC(=O)/C(=C/c2ccc(OCN3C(=O)c4ccccc4C3=O)cc2)S1,25600,nM
CHEMBL1795464,COc1cc(-c2ccc(O)cc2)c(OC)c(O)c1-c1ccc(O)c(CC=C(C)C)c1,25700,nM
CHEMBL5209522,C=CCc1cc(-c2cc(CC=C)c3oc(SCc4nnc(-c5ccccc5Br)o4)nc3c2)c2oc(SCc3nnc(-c4ccccc4Br)o3)nc2c1,25800,nM
CHEMBL4476560,COc1ccc(NC(=O)Cn2cc(COc3cc(OC(C)=O)c4c(=O)c5ccc(Br)cc5oc4c3)nn2)cc1OC,26110,nM
CHEMBL3407630,O=C(N/N=C/c1ccc([N+](=O)[O-])cc1)c1ccc(-c2nc3ccccc3s2)cc1,26380,nM
CHEMBL4217851,C=CCOc1ccc(-c2cc(OC)c(-c3ccc(O)cc3)c(O)c2OC)cc1,26500,nM
CHEMBL396677,C=C1CC[C@@H]2[C@](C)(COC(=O)c3cccnc3)[C@H](OC(=O)c3cccnc3)CC[C@@]2(C)[C@@H]1/C=C/C1=C/C(=C\C(C)=C\CCC/C=C/C)OC1=O,28000,nM
CHEMBL5079023,C=C1C(=O)O[C@@H]2/C=C(\C)CC/C=C(\CC(=O)O)C[C@@H](OC(=O)/C(C)=C/C)[C@@H]12,28000,nM
CHEMBL521162,C=C1C(=O)O[C@@H]2/C=C(\C)C[C@H](O)/C=C(\C)C[C@@H](OC(=O)/C(=C\C)CO)[C@@H]12,28000,nM
CHEMBL490011,C=C1C(=O)O[C@@H]2/C=C(\C)CC/C=C(\C)C[C@@H](OC(=O)/C(=C/CO)CO)[C@@H]12,28000,nM
CHEMBL3407635,O=C(N/N=C/c1ccc(F)c(Br)c1)c1ccc(-c2nc3ccccc3s2)cc1,28020,nM
CHEMBL4212935,O=C1/C(=C/c2ccccc2)CCC/C1=C\c1cccc(O)c1,28400,nM
CHEMBL4214309,CC(C)=CCC/C(C)=C/COc1cc2oc3ccc(O)cc3c(=O)c2c(O)c1CC=C(C)C,28400,nM
CHEMBL4451474,COc1c(O)cc2oc3cc(O)c(C/C=C(\C)CO)c(O)c3c(=O)c2c1C/C=C(\C)CCC=C(C)C,28700,nM
CHEMBL5094636,C=C1C(=O)O[C@@H]2/C=C(\C)CC/C=C(\C)C[C@@H](OC(=O)/C(=C\COC(C)=O)CO)[C@@H]12,29000,nM
CHEMBL5070918,C=C1C(=O)O[C@@H]2/C=C(\C)CC/C=C(\C)C[C@@H](OC(=O)/C(=C\C)CO)[C@@H]12,29000,nM
CHEMBL5083965,C=C1C(=O)O[C@@H]2/C=C(\C)CC/C=C(\C)C[C@@H](OC(=O)/C(=C/C)CO)[C@@H]12,29000,nM
CHEMBL4287854,CCOc1cc(/C=C2\SC(=O)NC2=O)ccc1OCN1C(=O)c2ccccc2C1=O,29260,nM
CHEMBL4456031,COc1ccc(NC(=O)Cn2cc(COc3cc(O)c4c(=O)c5cc(Br)ccc5oc4c3)nn2)cc1OC,29840,nM
CHEMBL4217516,COc1c(O)cc2oc3cc(O)c(CCC(C)(C)O)c(O)c3c(=O)c2c1CC=C(C)C,30700,nM
CHEMBL4211347,COc1c(Cl)c(-c2ccc(O)cc2)c(OC)c(O)c1-c1ccc(O)cc1,31300,nM
CHEMBL4446517,O=c1oc2ccccc2cc1OCC(O)CSc1nnc(-c2cccc(Br)c2)c(-c2cccc(Br)c2)n1,32000,nM
CHEMBL4579423,O=c1ccc2ccc(OCC(O)CSc3nnc(-c4ccco4)c(-c4ccco4)n3)cc2o1,32000,nM
CHEMBL4587989,O=c1ccc2ccc(OCC(O)CSc3nnc(-c4ccc(F)cc4)c(-c4ccc(F)cc4)n3)cc2o1,32000,nM
CHEMBL4558577,O=c1oc2ccccc2cc1OCC(O)CSc1nnc(-c2ccc(F)cc2)c(-c2ccc(F)cc2)n1,32000,nM
CHEMBL4528814,O=c1ccc2ccc(OCC(O)CSc3nnc(-c4cccc(F)c4)c(-c4cccc(F)c4)n3)cc2o1,32000,nM
CHEMBL4469981,O=c1ccc2ccc(OCC(O)CSc3nnc(-c4ccccc4)c(-c4ccccc4)n3)cc2o1,32000,nM
CHEMBL4568819,O=c1oc2ccccc2cc1OCC(O)CSc1nnc(-c2ccco2)c(-c2ccco2)n1,32000,nM
CHEMBL4206131,C=CCOc1ccc(-c2c(OC)cc(-c3ccc(O)cc3)c(OC)c2O)cc1,32200,nM
CHEMBL4561766,COc1ccc(NC(=O)Cn2cc(COc3cc(OC(C)=O)c4c(=O)c5cc(Br)ccc5oc4c3)nn2)cc1OC,32330,nM
CHEMBL4454919,COc1ccc(NC(=O)Cn2cc(COc3cc(OC(C)=O)c4c(=O)c5ccc(OC)cc5oc4c3)nn2)c(OC)c1,33160,nM
CHEMBL4288954,O=C1NC(=S)S/C1=C\c1cccc(OCN2C(=O)c3ccccc3C2=O)c1,33980,nM
CHEMBL2374252,OC[C@@H](N[C@H]1C[C@](O)(CO)[C@@H](O)[C@H](O)[C@H]1O)c1ccccc1,34000,nM
CHEMBL4286187,O=C1NC(=S)S/C1=C\c1cc(Cl)ccc1OCN1C(=O)c2ccccc2C1=O,34820,nM
CHEMBL8260,O=c1cc(-c2ccccc2)oc2cc(O)c(O)c(O)c12,35000,nM
CHEMBL3354620,OC[C@@H]1[C@@H](O)[C@H](O)[C@@H](O)CN1CC(F)(F)CCCOCc1ccc(-c2ccccc2)cc1,35000,nM
CHEMBL4277201,COc1cc(/C=C2\SC(=O)NC2=O)ccc1OCN1C(=O)c2ccccc2C1=O,35140,nM
CHEMBL4210289,COc1cc(-c2ccc(O)cc2)c(OC)c(OC(=O)c2ccco2)c1-c1ccc(O)cc1,35400,nM
CHEMBL4278947,O=C1NC(=S)S/C1=C\c1cc([N+](=O)[O-])ccc1OCN1C(=O)c2ccccc2C1=O,35790,nM
CHEMBL240080,C=C1CC[C@@H]2[C@](C)(COC(=O)c3cccnc3)[C@H](OC(=O)c3cccnc3)CC[C@@]2(C)[C@@H]1/C=C/C1=C/C(=C/c2ccco2)OC1=O,36000,nM
CHEMBL4215150,O=C(/C=C(O)/C=C/c1cccc(O)c1)c1cc(Cl)ccc1O,36400,nM
CHEMBL458845,COc1c(O)cc2oc3cc(O)c(CC=C(C)C)c(O)c3c(=O)c2c1C/C=C(\C)CCC=C(C)C,37400,nM
CHEMBL4282143,COc1cc(/C=C2\SC(=S)NC2=O)cc(OC)c1OCN1C(=O)c2ccccc2C1=O,39810,nM
CHEMBL5201575,O=C(/C=C/c1ccccc1)/C=C1/Nc2ccccc2NC1=O,40090,nM
CHEMBL5083981,COc1ccc(-c2oc3cc(OC)cc(OC)c3c(=O)c2OCCCCCN2C[C@H](O)[C@@H](O)[C@H](O)[C@H]2CO)cc1,40560,nM
CHEMBL4217611,O=C(/C=C(O)/C=C/c1ccc(O)cc1O)c1ccccc1O,40700,nM
CHEMBL3601736,O=C(C1=C(O)/C(=C/c2ccc(O)c(O)c2)CCC1)c1ccccc1,41000,nM
CHEMBL5179527,Cc1nc2ccccc2n(CC(=O)N/N=C/c2ccc(OCCn3cc(CN4CCOCC4)nn3)cc2)c1=O,41312.5,nM
CHEMBL5183163,Cc1nc2ccccc2n(CC(=O)N/N=C/c2ccc(OCCn3cc(CN4CCCCC4)nn3)cc2)c1=O,42223.15,nM
CHEMBL4072055,O=C1/C(=C/c2ccccc2)CCC/C1=C\c1ccc(O)cc1,42300,nM
CHEMBL4529524,COc1ccc(NC(=O)Cn2cc(COc3cc(OC(C)=O)c4c(=O)c5cc(OC)ccc5oc4c3)nn2)c(OC)c1,42600,nM
CHEMBL3407644,COc1ccc(/C=N/NC(=O)c2ccc(-c3nc4ccccc4s3)cc2)c(I)c1O,44800,nM
CHEMBL5179462,Cc1nc2ccccc2n(CC(=O)N/N=C/c2ccc(OCCn3cc(CN4CCCC4)nn3)cc2)c1=O,45822.89,nM
CHEMBL4068225,COC(=O)[C@]1(Cc2ccc3c(c2)CCC(C)(C)O3)OC(=O)C(O)=C1c1ccc(O)cc1,47330,nM
CHEMBL5171904,Cc1ccc(-n2cc(COc3ccc(/C=N/NC(=O)Cn4c(=O)c(C)nc5ccccc54)cc3)nn2)cc1,48271.11,nM
CHEMBL312653,OC[C@H]1N[C@H](CO)[C@@H](O)[C@@H]1O,50000,nM
CHEMBL354193,CCCCCCNC1C=C(CO)C(O)C(O)C1O,50000,nM
CHEMBL77918,CCCCN1[C@H](CO)[C@@H](O)[C@H](O)[C@H]1CO,50000,nM
CHEMBL310229,CCCCN1C[C@@H](O)[C@H](O)[C@H]1CO,50000,nM
CHEMBL310231,CN1[C@H](CO)[C@@H](O)[C@H](O)[C@H]1CO,50000,nM
CHEMBL4277205,O=C1NC(=O)/C(=C/c2cc([N+](=O)[O-])ccc2OCN2C(=O)c3ccccc3C2=O)S1,50450,nM
CHEMBL5195148,C=CCc1cc(CSc2nnc(-c3cccc(OC)c3)o2)c(O)c(-c2ccc(O)c(CC=C)c2)c1,52900,nM
CHEMBL4218969,COc1cc(-c2ccc(OCC=C(C)C)cc2)c(OC)c(OCC=C(C)C)c1-c1ccc(O)cc1,53100,nM
CHEMBL3407643,COc1cc(/C=N/NC(=O)c2ccc(-c3nc4ccccc4s3)cc2)ccc1O,53340,nM
CHEMBL200715,Oc1cc(O)c2c(c1)O[C@@H](c1ccc(O)c(O)c1)[C@H](O)C2,53800,nM
CHEMBL80254,OC[C@H]1NC[C@@H](O)[C@@H]1O,55000,nM
CHEMBL209093,C=C1CC[C@@H]2[C@](C)(CO)[C@H](O)CC[C@@]2(C)[C@@H]1/C=C/C1=C/C(=C/C=C/c2ccccc2)OC1=O,58000,nM
CHEMBL238603,C=C1CC[C@@H]2[C@](C)(CO)[C@H](O)CC[C@@]2(C)[C@@H]1/C=C/C1=C/C(=C/c2ccccc2)OC1=O,58000,nM
CHEMBL3354038,OC[C@H]1[C@@H](O)[C@H](O)[C@@H](O)CN1CCCCCOCc1ccc(-c2ccccc2)cc1,70000,nM
CHEMBL241165,C=C1CC[C@@H]2[C@](C)(CO)[C@H](O)CC[C@@]2(C)[C@@H]1/C=C/C1=C/C(=C/c2ccc(N(C)C)cc2)OC1=O,70000,nM
CHEMBL4218731,COc1c(O)ccc2c(=O)c3c(O)cc4c(c3oc12)C(C)(C)C(CO)O4,72700,nM
CHEMBL4561697,CC(C)=CCC/C(C)=C/CC/C(C)=C/Cc1c(O)c(O)cc2oc3cc(O)cc(O)c3c(=O)c12,76200,nM
CHEMBL4214649,Cc1cc(O)cc(O)c1C(=O)O[C@H]1[C@@H]2COC(/C=C/[C@H](C)O)=CC2=CC(=O)[C@@]1(C)O,78600,nM
CHEMBL2051979,CO[C@H]1O[C@H](CO)[C@H](N[C@H]2C=C(CO)[C@@H](O)[C@H](O)[C@H]2O)[C@H](O)[C@H]1O,80000,nM
CHEMBL4162593,COc1cc(OC)c([C@@H](OC)[C@H](C)O)cc1OC,80600,nM
CHEMBL398800,C=C1CC[C@@H]2[C@](C)(CO)[C@H](O)CC[C@@]2(C)[C@@H]1/C=C/C1=C/C(=C/c2ccc3c(c2)OCO3)OC1=O,82000,nM
CHEMBL5173825,Cc1ccc(NC(=O)Cn2c(=O)c(C)nc3ccccc32)c([N+](=O)[O-])c1,83780,nM
CHEMBL4213451,C=CCOc1c(OC)c(-c2ccc(O)cc2)cc(OC)c1-c1ccc(O)cc1,83800,nM
CHEMBL238604,C=C1CC[C@@H]2[C@](C)(CO)[C@H](O)CC[C@@]2(C)[C@@H]1/C=C/C1=C/C(=C/c2cc(OC)c(OC)cc2OC)OC1=O,84000,nM
CHEMBL3753562,COC(=O)[C@]1(Cc2ccc(O)cc2)OC(=O)C(O)=C1c1ccc(O)cc1,85130,nM
CHEMBL3354630,OC[C@H]1[C@@H](O)[C@H](O)[C@@H](O)CN1CCCCCOCc1ccccc1-c1ccccc1,95000,nM
CHEMBL4453842,COc1ccc2c(=O)c3c(OC(C)=O)cc(OCc4cn(CC(=O)Nc5ccc(OC)c(OC)c5)nn4)cc3oc2c1,98630,nM
CHEMBL4285567,COc1cc(/C=C2\SC(=O)NC2=O)cc(OC)c1OCN1C(=O)c2ccccc2C1=O,100000,nM
CHEMBL4085739,CCCCC[C@H]1NC[C@@H](O)[C@@H](O)[C@H]1CO,100000,nM
CHEMBL4279517,O=C1NC(=O)/C(=C/c2ccccc2OCN2C(=O)c3ccccc3C2=O)S1,100000,nM
CHEMBL4455066,COc1ccc2oc3cc(OCc4cn(CC(=O)Nc5ccc(OC)c(OC)c5)nn4)cc(OC(C)=O)c3c(=O)c2c1,100000,nM
CHEMBL4284460,O=C1NC(=S)S/C1=C\c1ccccc1OCN1C(=O)c2ccccc2C1=O,100000,nM
CHEMBL4467634,Cc1cccc(N2C(=O)/C(=C/c3ccc(F)cc3)S/C2=N\NC(=O)c2cc3ccccc3oc2=O)c1C,100000,nM
CHEMBL4444626,COc1ccc2oc3cc(OCc4cn(CC(=O)Nc5ccc(OC)c(OC)c5)nn4)cc(O)c3c(=O)c2c1,100000,nM
CHEMBL4294667,COc1cccc(/C=C2\SC(=O)NC2=O)c1OCN1C(=O)c2ccccc2C1=O,100000,nM
CHEMBL4287437,O=C1NC(=O)/C(=C/c2cccc(OCN3C(=O)c4ccccc4C3=O)c2)S1,100000,nM
CHEMBL4292747,COc1cccc(/C=C2\SC(=S)NC2=O)c1OCN1C(=O)c2ccccc2C1=O,100000,nM
CHEMBL4281031,C[C@H]1NC[C@@H](O)[C@@H](O)[C@H]1CO,100000,nM
CHEMBL4288931,CCCCCCCCC[C@H]1NC[C@@H](O)[C@@H](O)[C@H]1CO,100000,nM
CHEMBL4593240,O=C(N/N=C1\S/C(=C\c2ccc(F)cc2)C(=O)N1c1cccc(Cl)c1)c1cc2ccccc2oc1=O,100000,nM
CHEMBL4287862,O=C1NC(=O)/C(=C/c2cc(Cl)ccc2OCN2C(=O)c3ccccc3C2=O)S1,100000,nM
CHEMBL4521673,Cc1ccc(C)c(N2C(=O)/C(=C/c3ccc(F)cc3)S/C2=N\NC(=O)c2cc3ccccc3oc2=O)c1,100000,nM
CHEMBL3354629,C[C@@H](OCCCCCN1C[C@H](O)[C@@H](O)[C@H](O)[C@@H]1CO)c1ccc(-c2ccccc2)cc1,100000,nM
CHEMBL3354634,OC[C@H]1[C@@H](O)[C@H](O)[C@@H](O)CN1CCCCCOCc1ccc(-c2ccccc2)cc1C(F)(F)F,100000,nM
CHEMBL3354633,OC[C@H]1[C@@H](O)[C@H](O)[C@@H](O)CN1CCCC(F)(F)COCc1ccc(-c2ccccc2)cc1,100000,nM
CHEMBL3354635,OC[C@H]1[C@@H](O)[C@H](O)[C@@H](O)CN1CCCCCOCc1ccc(-c2ccccc2)c(C(F)(F)F)c1,100000,nM
CHEMBL3354637,OC[C@H]1[C@@H](O)[C@H](O)[C@@H](O)CN1CCCCCOCc1ccc(-c2ccccc2)c(F)c1,100000,nM
CHEMBL3354628,C[C@H](OCCCCCN1C[C@H](O)[C@@H](O)[C@H](O)[C@@H]1CO)c1ccc(-c2ccccc2)cc1,100000,nM
CHEMBL3354631,OC[C@H]1[C@@H](O)[C@H](O)[C@@H](O)CN1CCCCCOCc1cccc(-c2ccccc2)c1,100000,nM
CHEMBL3354632,OC[C@H]1[C@@H](O)[C@H](O)[C@@H](O)CN1CC(F)(F)CCCOCc1ccc(-c2ccccc2)cc1,100000,nM
CHEMBL3354636,OC[C@H]1[C@@H](O)[C@H](O)[C@@H](O)CN1CCCCCOCc1ccc(-c2ccccc2)cc1F,100000,nM
CHEMBL1744444,C[C@]12CCC(=O)C[C@@H]1CC[C@@H]1[C@@H]2CC[C@]2(C)[C@@H](O)CC[C@@H]12.C[C@]12CC[C@H]3[C@@H](CCC4CC(=O)CC[C@@]43C)[C@@H]1CC[C@@H]2O,100000,nM
CHEMBL174067,OC1C(O)C(O)C2OC2C1O,100000,nM
CHEMBL3407642,O=C(N/N=C/c1ccncc1)c1ccc(-c2nc3ccccc3s2)cc1,100000,nM
CHEMBL1230806,N[C@H]1C=C(CO)[C@@H](O)[C@H](O)[C@H]1O,100000,nM
CHEMBL241374,C=C1CC[C@@H]2[C@](C)(CO)[C@H](O)CC[C@@]2(C)[C@@H]1/C=C/C1=C/C(=C/c2ccco2)OC1=O,100000,nM
CHEMBL367666,CCCCNC1C=C(CO)C(O)C(O)C1O,100000,nM
CHEMBL379280,C=C1CC[C@@H]2[C@]3(C)COC(c4cccc(Br)c4)O[C@@H]3CC[C@@]2(C)[C@@H]1C/C=C1/C(=O)OC[C@H]1O,100000,nM
CHEMBL3407628,COC(=O)c1ccc(/C=N/NC(=O)c2ccc(-c3nc4ccccc4s3)cc2)cc1,100000,nM
CHEMBL3407631,COc1ccc(/C=N/NC(=O)c2ccc(-c3nc4ccccc4s3)cc2)cc1O,100000,nM
CHEMBL3407629,COc1ccc(/C=N/NC(=O)c2ccc(-c3nc4ccccc4s3)cc2)cc1OC,100000,nM
CHEMBL3407619,O=C(N/N=C/c1cccnc1)c1ccc(-c2nc3ccccc3s2)cc1,100000,nM
CHEMBL2051764,CO[C@H]1O[C@H](C)[C@H](N[C@H]2C=C(CO)[C@@H](O)[C@H](O)[C@H]2O)[C@H](O)[C@H]1O,100000,nM
CHEMBL426933,CCCCCCCCCCCCCCCCCCNC1C=C(CO)C(O)C(O)C1O,100000,nM
CHEMBL205969,C[C@]1(CO)[C@H]2CC[C@@]3(CO3)[C@@H](/C=C/C3=C/C(=C/C=C/c4ccccc4)OC3=O)[C@]2(C)CC[C@H]1O,101000,nM
CHEMBL380336,C=C1CC[C@@H]2[C@]3(C)COC(c4ccccc4)O[C@@H]3CC[C@@]2(C)[C@@H]1C/C=C1/C(=O)OC[C@H]1O,101000,nM
CHEMBL1951870,COc1cc(-c2ccccc2)c(OC)c(O)c1-c1ccc(O)cc1,108200,nM
CHEMBL206309,C=C1CC[C@@H]2[C@](C)(CO)[C@H](O)CC[C@@]2(C)[C@@H]1/C=C/C1=C/C(=C/CCC)OC1=O,110000,nM
CHEMBL2114210,OC[C@H]1N[C@H](CO)[C@@H](O)C(O)[C@@H]1O,110000,nM
CHEMBL1628264,N[C@H]1C[C@H](CO)[C@@H](O)[C@H](O)[C@H]1O,110000,nM
CHEMBL4213302,COC(=O)[C@]1(Cc2ccc3c(c2)C[C@@H](O)C(C)(C)O3)OC(=O)C(O)=C1c1ccc(O)cc1,110270,nM
CHEMBL205155,COc1ccc(/C=C2/C=C(/C=C/[C@@H]3[C@@]4(CC[C@@H]5[C@](C)(CO)[C@H](O)CC[C@]53C)CO4)C(=O)O2)cc1,120000,nM
CHEMBL5196850,COc1ccc(C(=O)Nc2cccc(C(=O)/C=C3/Nc4ccccc4NC3=O)c2)cc1,166090,nM
CHEMBL470039,COc1cc(-c2cc3c(c(=O)o2)C[C@]2(O)[C@@]4(C)C(=O)C=CC(C)(C)[C@]4(O)CC[C@@]2(C)O3)cc2c1OCO2,195871,nM
CHEMBL2011647,Cc1cc(O)cc(O)c1C(=O)O[C@H]1[C@@H]2COC(/C=C/CO)=CC2=CC(=O)[C@@]1(C)O,200000,nM
CHEMBL4206469,COC(OC)C1=CC2=CC(=O)[C@@](C)(O)[C@@H](OC(=O)c3c(C)cc(O)cc3O)[C@@H]2CO1,200000,nM
CHEMBL3609760,Cc1cc(O)cc(O)c1C(=O)O[C@]1(C)C(=O)C=C2C=C(/C=C/CO)OC=C2C1=O,200000,nM
CHEMBL1823114,C/C=C/C1=CC2=CC(=O)[C@@](C)(OC(=O)c3c(C)cc(O)cc3O)C(=O)C2=CO1,200000,nM
CHEMBL4211349,COC(=O)C1=CC2=CC(=O)[C@@](C)(O)[C@@H](OC(=O)c3c(C)cc(O)cc3O)[C@@H]2CO1,200000,nM
CHEMBL2011648,C/C=C/C1=CC2=CC(=O)[C@@](C)(O)[C@@H](OC(=O)c3c(C)cc(O)cc3O)[C@@H]2CO1,200000,nM
CHEMBL4203057,Cc1cc(O)cc(O)c1C(=O)O[C@H]1[C@@H]2COC(/C=C/C(=O)O)=CC2=CC(=O)[C@@]1(C)O,200000,nM
CHEMBL4210842,COC(=O)CCC1=CC2=CC(=O)[C@@](C)(O)[C@@H](OC(=O)c3c(C)cc(O)cc3O)[C@@H]2CO1,200000,nM
CHEMBL4207941,Cc1cc(O)cc(O)c1C(=O)O[C@H]1C2=COC(/C=C/CO)=CC2=CC(=O)[C@@]1(C)O,200000,nM
CHEMBL511953,C=C1C[C@]2(O)[C@@]3(C)CCC(=O)C(C)(C)C3=C(O)C(=O)[C@@]2(C)[C@@H]2C(=O)O[C@@](C)(C(=O)OC)C(=O)[C@@]12C,204696,nM
CHEMBL470042,C=C1C[C@H]2[C@@](C)(C(=O)C(O)=C3C(C)(C)C(=O)CC[C@@]32C)[C@@H]2C(=O)O[C@@](C)(C(=O)OC)C(=O)[C@@]12C,211627,nM
CHEMBL4571630,COc1ccc(C2SCC(=O)N2c2ccc3nc(Cc4ccc(O)cc4)c(=O)[nH]c3c2)cc1,276270,nM
CHEMBL5187552,CC(C)c1nc2ccc(N3C(=O)CSC3c3ccc([N+](=O)[O-])cc3)cc2[nH]c1=O,301150,nM
CHEMBL4462061,COc1cc2cc(Oc3cc(O[C@@H]4O[C@H](CO)[C@@H](O)[C@H](O)[C@H]4O[C@@H]4O[C@H](CO)[C@@H](O)[C@H](O)[C@H]4O)c4ccc(=O)oc4c3)c(=O)oc2cc1O,333535.48,nM
CHEMBL2337339,O=C1O/C(=C\c2ccc(O)cc2)C(O)=C1c1ccc(O)cc1,400000,nM
CHEMBL2035562,COC(=O)[C@]1(Cc2ccc3c(c2)C[C@H](C(C)(C)O)O3)OC(=O)C(O)=C1c1ccc(O)cc1,400000,nM
CHEMBL80148,CN1C[C@@H](O)[C@H](O)[C@H]1CO,500000,nM
CHEMBL1566,C[C@H]1O[C@H](O[C@H]2[C@H](O)[C@@H](O)[C@@H](O[C@H]3[C@H](O)[C@@H](O)[C@H](O)O[C@@H]3CO)O[C@@H]2CO)[C@H](O)[C@@H](O)[C@@H]1N[C@H]1C=C(CO)[C@@H](O)[C@H](O)[C@H]1O,906000,nM
CHEMBL179409,OC[C@@H]1NC[C@H](O)[C@@H](O)[C@H]1O,1000000,nM
CHEMBL1076754,CCCCN1C[C@H](O)[C@@H](O)[C@H](O)[C@@H]1CO,1000000,nM
CHEMBL175901,OC[C@@H]1NC[C@H](O)[C@@H](O)[C@@H]1O,1000000,nM
CHEMBL1088292,OC[C@H]1[C@H](O)[C@H](O)[C@@H](O)CN1CCCCCOCC12CC3CC(CC(C3)C1)C2,1000000,nM
CHEMBL1088291,CCCCN1C[C@H](O)[C@@H](O)[C@@H](O)[C@@H]1CO,1000000,nM
CHEMBL4543696,O=c1ccc2ccc(Oc3cc4ccc(O)c(-c5c(OC6O[C@H](CO)[C@@H](O)[C@H](O)[C@H]6O)ccc6ccc(=O)oc56)c4oc3=O)cc2o1,1210165.39,nM
CHEMBL5172902,COc1cc2c(c(O)c1CO)C(=O)OC[C@@H]2O,1410000,nM
CHEMBL4555601,O=c1ccc2ccc(O)c(-c3c(OC4O[C@H](CO)[C@@H](O)[C@H](O)[C@H]4O)ccc4ccc(=O)oc34)c2o1,1568919,nM
