canonical_smiles,bioactivity_class,molecule_chembl_id
C=C1C(=O)O[C@@H]2/C=C(\C)CC/C=C(\C)C[C@@H](OC(=O)/C(=C/C)CO)[C@@H]12,0,CHEMBL5083965
CCOc1cc(/C=C2\SC(=O)NC2=O)ccc1OCN1C(=O)c2ccccc2C1=O,0,CHEMBL4287854
O=C(N/N=C/c1cc(Cl)cc(Cl)c1O)c1nc(-c2cc3ccccc3oc2=O)cs1,1,CHEMBL4129528
Cc1ccc2c(c1)/C(=N/NC(=O)COc1ccc3ccc(=O)oc3c1)C(=O)N2Cc1ccccc1F,1,CHEMBL4587269
Cc1cc(O)cc(O)c1C(=O)O[C@H]1[C@@H]2COC(/C=C/CO)=CC2=CC(=O)[C@@]1(C)O,0,CHEMBL2011647
Cc1cc(C(=O)n2nnc3ccccc32)ccc1[N+](=O)[O-],1,CHEMBL4549620
O=c1ccc2ccc(O)c(-c3c(OC4O[C@H](CO)[C@@H](O)[C@H](O)[C@H]4O)ccc4ccc(=O)oc34)c2o1,0,CHEMBL4555601
Brc1ccc(Cn2cc(CSc3nc4ccccc4s3)nn2)cc1,0,CHEMBL4458326
CCC1CCN(CC1)C(=O)c2c(ccc(n2)N)Cl,0,B-112
CC(=CCC1=CC2=C(C=C1O)OC(=CC2=O)C3=CC(=C(C=C3)O)CC=C(C)C)C,1,Licoflavone-B-180
COc1ccc(C(=O)Cn2nnc3cc(C)c(C)cc32)cc1,1,CHEMBL4566389
O=C1Nc2cc(Cl)ccc2/C1=C/c1ccc(-c2nnc(-c3cc(O)cc(O)c3)o2)cc1,1,CHEMBL4435180
O=C1NC(=O)/C(=C\c2ccc(-n3ccc4c(Nc5ccc(F)cc5)ccnc43)cc2)S1,1,CHEMBL4549286
Cc1cccc2nc(-c3ccccc3F)[nH]c12,1,CHEMBL4460277
Cc1c(C(c2ccc(-c3nnc(-c4cn(C)c5ccccc45)o3)cc2)c2c(C)n(C)c3ccccc23)c2ccccc2n1C,0,CHEMBL4584797
Cc1cccc(N2C(=O)/C(=C/c3ccc(F)cc3)S/C2=N\NC(=O)c2cc3ccccc3oc2=O)c1C,0,CHEMBL4467634
COc1c(Cl)c(-c2ccc(O)cc2)c(OC)c(O)c1-c1ccc(O)cc1,0,CHEMBL4211347
C1[C@H]([C@H](OC2=CC(=CC(=C21)O)O)C3=CC(=C(C(=C3)O)O)O)OC(=O)C4=CC(=C(C(=C4)O)O)O,1,Epigallocatechin-gallate-32
c1cc(ncc1Cl)Sc2cncc(n2)N,0,B-171
O=C1C=C(c2ccc(O)cc2)C(=O)C(O)=C1c1ccc(O)cc1,0,CHEMBL4207509
CCCCN1C[C@H](O)[C@@H](O)[C@@H](O)[C@@H]1CO,0,CHEMBL1088291
Cc1nc2ccccc2n(CC(=O)N/N=C/c2ccc(OCCn3cc(CN4CCCCC4)nn3)cc2)c1=O,0,CHEMBL5183163
C[C@@H]1CCCC[C@@H]1N(C)c2c(c(ncn2)Cl)N,0,B-117
O=C(N/N=C/c1cccc(Br)c1)c1nc(-c2cc3ccccc3oc2=O)cs1,1,CHEMBL4453289
O=c1[nH]c2ccccc2n2c(-c3ccc(O)cc3O)ccc12,0,CHEMBL5200953
O=C(NNC(=S)Nc1ccccc1Cl)c1ccc(-c2nnc(-c3ccccc3Cl)o2)cc1,1,CHEMBL4554853
C[C@H]1CC[C@@H]2[C@H]1C1=C(C=C3OC=C(C4=CC=C(O)C=C4)C(=O)C3=C1O)OC2(C)C,1,Amelliaone-E-374
CC[C@](C)(C1=NC(=O)C2(CCCCCC2)C(=N1)[O-])[NH3+],0,B-093
OC[C@@H]1NC[C@@H](O)[C@@H]1O,1,CHEMBL3751947
O=C(Cn1cc(COc2cc(O)c3c(=O)c4cc(O)ccc4oc3c2)nn1)Nc1ccc(O)c(O)c1,0,CHEMBL4474751
O=C(Cn1nnc2ccccc21)c1cccc(Br)c1,1,CHEMBL4585914
C1=CC(=C(C=C1C2=CC(=O)C3=C(O2)C=C(C(=C3O)[C@H]4[C@@H]([C@H]([C@@H]([C@H](O4)CO)O)O)O)O)O)O,1,Isoorientin-157
OC[C@@H]1[C@@H](O)[C@H](O)[C@@H](O)CN1CCCCCOCc1ccc(-c2ccccc2)cc1F,1,CHEMBL3354624
COc1cc(-c2ccc(O)cc2)c(OC)c(O)c1-c1ccc(OCCBr)cc1,0,CHEMBL4208107
O=C(N/N=C/c1ccncc1)c1cc2ccccc2oc1=O,1,CHEMBL4176304
CC1(C=CC2=C(O1)C=C(C3=C2OC=C(C3=O)C4=C(C=C(C=C4)O)O)O)C,1,Parvisoflavone-A-133
CC(=O)Nc1cc(ccc1F)NC(=O)c2cc([nH]n2)N,0,B-032
COc1cc(-c2ccccc2)c(OC)c(O)c1-c1ccc(O)cc1,0,CHEMBL1951870
C=C1C(=O)O[C@@H]2/C=C(\C)CC/C=C(\C)C[C@@H](OC(=O)/C(=C\COC(C)=O)CO)[C@@H]12,0,CHEMBL5094636
C1CC1c2c(c(nc3c2c(c(s3)C(=O)N)N)N)C#N,0,B-033
N[C@H]1C[C@H](CO)[C@@H](O)[C@H](O)[C@H]1O,0,CHEMBL1628264
CCCCCCCCCCCCCCCCCCNC1C=C(CO)C(O)C(O)C1O,0,CHEMBL426933
Cc1cc(C(=O)n2nnc3ccccc32)cc(C)c1C,1,CHEMBL4573221
CC(C)=CCC/C(C)=C/COc1ccc2oc3cc(O)cc(O)c3c(=O)c2c1,0,CHEMBL4209191
C/C=C/C1=CC2=CC(=O)[C@@](C)(OC(=O)c3c(C)cc(O)cc3O)C(=O)C2=CO1,0,CHEMBL1823114
C1[C@H](OC2=CC(=CC(=C2C1=O)O)O)C3=CC=CC=C3,1,Pinocembrin-442
COc1cc2c(c(O)c1CO)C(=O)OC[C@@H]2O,0,CHEMBL5172902
Cc1cccc2nc(-c3cccc(O)c3O)[nH]c12,1,CHEMBL4469378
COc1cc(/C=N/NC(=O)c2cc3ccccc3[nH]2)ccc1O,1,CHEMBL3186069
CCCOc1c(OC)c(-c2ccc(O)cc2)cc(OC)c1-c1ccc(O)cc1,0,CHEMBL4218824
[H]/N=C/1\[C@@]2(CCC[C@H](C2)CC)N(C(=O)N1)C(C)C,0,B-188
C1CCC(C1)NC(=O)Nc2nc3c(s2)CCC3,0,B-121
CC(=CCC1=C(C(=C2C(=C1O)C(=O)[C@@H]([C@H](O2)C3=C(C=C(C=C3)O)O)O)CC=C(C)C)O)C,1,Kushenol-L-300
[H]C1=C(O)C(O)=CC=C1C1=C([H])C(=O)C2=C(O)C(Cl)=C(O)C(Cl)=C2O1,1,106
O=C(Cn1cc(COc2cc(O)c3c(=O)c4ccc(O)cc4oc3c2)nn1)Nc1ccc(O)c(O)c1,1,CHEMBL4439490
COc1c(O)cc2oc3cc(O)c(CCC(C)(C)O)c(O)c3c(=O)c2c1CC=C(C)C,0,CHEMBL4217516
Cn1cccc1c2c3c(nc(c2C#N)N)CCCCC3,0,B-151
COC(=O)[C@]1(Cc2ccc3c(c2)C[C@@H](O)C(C)(C)O3)OC(=O)C(O)=C1c1ccc(O)cc1,0,CHEMBL4213302
O=C(C[C@@H](c1ccc(Br)cc1)c1c[nH]c2ccccc12)c1ccccc1,1,CHEMBL4557896
Cc1ccnc(c1N)N(C)c2ccc(cc2)C#N,0,B-166
C1CC[C@H]2[C@@H](C1)C[C@H](N2)C(=O)N3CCC[C@@H]3C(=O)N,0,B-054
O=C1Nc2ccccc2C1(c1cn(Cc2ccc(Br)cc2)c2ccccc12)c1cn(Cc2ccc(Br)cc2)c2ccccc12,1,CHEMBL4460080
OC[C@@H]1NC[C@H](O)[C@@H](O)[C@@H]1O,0,CHEMBL175901
C1=C(C=C(C(=C1O)O)O)[C@@H]2[C@H](C(=O)C3=C(C=C(C=C3O2)O)O)O,1,Dihydromyricetin-76
O=C(c1ccc(Br)cc1)n1nnc2ccccc21,1,CHEMBL4217303
Cc1cc(c(c(c1)C)C(=O)Nc2c(c(nn2C)C)N)C,0,B-097
O=C(C1=C(O)/C(=C/c2ccc(O)c(O)c2)CCC1)c1ccccc1,0,CHEMBL3601736
CCCOc1ccc(-c2c(OC)cc(-c3ccc(O)cc3)c(OC)c2O)cc1,0,CHEMBL4213889
O=C1NC(=S)S/C1=C\c1ccc(OCN2C(=O)c3ccccc3C2=O)cc1,0,CHEMBL4292355
O=C(/C=C(O)/C=C/c1cc(O)ccc1O)c1cc(O)ccc1O,0,CHEMBL4212356
C[C@H]1C[C@@]2(CC(C1)(C)C)C(=NC(=O)N2CC#C)N,0,B-191
Clc1ccc(/N=c2\scc(-c3ccc(Cl)cc3)n2Nc2ccccc2)cc1,0,CHEMBL4547068
CC(C)=CCC/C(C)=C/CN[C@H]1C[C@](O)(CO)[C@@H](O)[C@H](O)[C@H]1O,1,CHEMBL3349438
C=C(C)C(COc1c2occc2c(OC)c2ccc(=O)oc12)OC(C)(C)[C@H](O)COc1c2ccoc2cc2oc(=O)ccc12,0,CHEMBL4537425
O=C1Nc2ccc(Cl)cc2/C1=N/Nc1nc(-c2ccc(Br)cc2)cs1,1,CHEMBL4550316
COc1ccc(NC(=O)Cn2cc(COc3cc(OC(C)=O)c4c(=O)c5cc(Br)ccc5oc4c3)nn2)c(OC)c1,0,CHEMBL4471224
OC[C@H]1[C@@H](O)[C@H](O)[C@@H](O)CN1CCCCCOCc1ccc(-c2ccccc2)cc1,0,CHEMBL3354038
Cc1cccc([C@H](CC(=O)c2ccccc2)c2c[nH]c3ccccc23)c1,1,CHEMBL4474603
Cc1ccccc1/C=N/NC(=O)c1cc2ccccc2oc1=O,1,CHEMBL4473968
O=C(N/N=C/c1ccc(C(F)(F)F)cc1)c1nc(-c2cc3ccccc3oc2=O)cs1,1,CHEMBL4435153
OCCN1C[C@H](O)[C@@H](O)[C@H](O)[C@H]1CO,1,CHEMBL1561
c1cc(nc(c1Cl)C(=O)N[C@@H]2CCCC[C@H]2O)NN,0,B-022
O=c1c(-c2ccc(O)cc2)coc2cc(O)cc(O)c12,1,CHEMBL44
O=C(CSc1nnc(-c2ccc(F)cc2)c(-c2ccc(F)cc2)n1)Nc1nc(-c2ccc(F)cc2)cs1,1,CHEMBL4460050
c1cc(sc1c2nncn2C3CCCC3)N,0,B-163
CC(=CCC1=C(C(=C2C(=C1O)C(=O)C[C@H](O2)C3=C(C=C(C=C3)O)O)C[C@@H](CC=C(C)C)C(=C)C)O)C,1,Kushenol-B-299
CC(C)(O)[C@@H]1OC2=CC=C(C3=COC4=CC(O)=CC=C4C3=O)C=C2[C@H]1O,1,Corylifols-E-452
CCOc1ccccc1NC(=O)Cn1cc(Cn2c(-c3cccc(Br)c3)nc(-c3ccccc3)c2-c2ccccc2)nn1,0,CHEMBL3891396
O=C1/C(=C/c2ccccc2)CCC/C1=C\c1cccc(O)c1,0,CHEMBL4212935
O=C1C=C(C2=CC=CC(OCC3=CC=CC(SC(F)(F)F)=C3)=C2)OC2=CC=CC=C12,1,253
O=C(/C=C(O)/C=C/c1cccc(O)c1)c1cc(Cl)ccc1O,0,CHEMBL4215150
COC1=C(O)C=C([C@H]2OC3=CC(O)=C(C/C=C(\C)CCC=C(C)C)C(O)=C3C(=O)C2O)C=C1O,1,339
C1=CC=C(C=C1)C2=C(C(=O)C3=C(C=C(C=C3O2)O)O)O,1,Galangin-99
OC[C@@H]1[C@@H](O)[C@H](O)[C@@H](O)CN1CC(F)(F)CCCOCc1ccc(-c2ccccc2)cc1,0,CHEMBL3354620
Cc1c(cccc1NC(=O)N[C@@H]2CCCC[C@H]2[NH3+])C(=O)[O-],0,B-027
C[C@@H](OCCCCCN1C[C@H](O)[C@@H](O)[C@H](O)[C@@H]1CO)c1ccc(-c2ccccc2)cc1,0,CHEMBL3354629
Clc1ccc2sc(SCc3cn(Cc4ccccc4)nn3)nc2c1,0,CHEMBL4483439
C[C@@H](OCCCCCN1C[C@H](O)[C@@H](O)[C@H](O)[C@H]1CO)c1ccc(-c2ccccc2)cc1,1,CHEMBL3354623
O=C(N/N=C/c1cc(O)c(O)c(O)c1)c1cc2ccccc2[nH]1,1,CHEMBL4466503
O=C(CSc1nnc(-c2ccccc2)c(-c2ccccc2)n1)Nc1nc(-c2ccccc2)cs1,1,CHEMBL4441899
CC1CCC(CC1)(C#N)NC(=O)NC(C)(C)C,0,B-159
Cc1nc2ccccc2n(CC(=O)N/N=C/c2ccc(OCCn3cc(CN4CCCC4)nn3)cc2)c1=O,0,CHEMBL5179462
COc1cc2cc(Oc3cc(O[C@@H]4O[C@H](CO)[C@@H](O)[C@H](O)[C@H]4O[C@@H]4O[C@H](CO)[C@@H](O)[C@H](O)[C@H]4O)c4ccc(=O)oc4c3)c(=O)oc2cc1O,0,CHEMBL4462061
Cc1cc(O)cc(O)c1C(=O)O[C@H]1[C@@H]2COC(/C=C/C(=O)O)=CC2=CC(=O)[C@@]1(C)O,0,CHEMBL4203057
Cc1[nH]c2ccccc2c1-c1nnc(-c2ccc(C(c3c[nH]c4ccc(Br)cc34)c3c[nH]c4ccc(Br)cc34)cc2)o1,0,CHEMBL4454670
C=CCOc1ccc(-c2c(OC)cc(-c3ccc(O)cc3)c(OC)c2O)cc1,0,CHEMBL4206131
C1=CC(=CC=C1[C@@H]2[C@H](C(=O)C3=C(C=C(C=C3O2)O)O)O)O,1,Dihydrokaempferol-317
Cc1ccc([C@H](CC(=O)c2ccc3ccccc3c2)c2c[nH]c3ccccc23)cc1,1,CHEMBL4440152
COc1ccc(/C=N/NC(=O)c2ccc(-c3nc4ccccc4s3)cc2)cc1OC,0,CHEMBL3407629
[H]C1=C(O)C(O)=C([H])C(/C=N/NC(=O)C2=CC=C(C3=CC(=O)C4=CC=CC=C4O3)C=C2)=C1[H],1,191
[H]/N=C\1/[C@]2(CCCC[C@@H]2CC)N(C(=O)N1)C3CC3,0,B-187
OC[C@@]1(O)C[C@H](NC2CCCCC2)[C@H](O)[C@@H](O)[C@@H]1O,1,CHEMBL3349434
O=C(COc1ccc2ccc(=O)oc2c1)N/N=C1\C(=O)N(Cc2ccccc2)c2ccc(Br)cc21,1,CHEMBL4581970
CCCN1C(=O)/C(=N\NC(=O)Cc2ccc(Cl)cc2Cl)c2ccccc21,1,CHEMBL4445451
CO[C@H]1OC(=O)C(Cc2ccc(O)c(CC=C(C)C)c2)=C1c1ccc(O)cc1,0,CHEMBL4216866
COc1ccc(-c2nc(-c3ccccc3)c(-c3ccccc3)n2Cc2cn(CC(=O)Nc3ccc(Cl)cc3Cl)nn2)cc1OC,0,CHEMBL3976877
O=C(Cn1nnc2ccccc21)c1ccccc1O,1,CHEMBL4449860
CCN(CC)CC1=C(O)C=C2OC(C3=CC=CC=C3)=CC(=O)C2=C1O,1,358
O=C1NC(=O)/C(=C/c2cccc(OCN3C(=O)c4ccccc4C3=O)c2)S1,0,CHEMBL4287437
c1ccc(c(c1)C2=NC(=O)[C@@]3(CC(=NN3)c4cccs4)NN2)N,0,B-025
O=C1NC(=O)/C(=C/c2ccc(-c3nc4ccccc4n3Cc3ccc(Cl)cc3)cc2)S1,1,CHEMBL4593597
COC1=C(O)C=C([C@@H]2CC(=O)C3=C(O)C(C/C=C(\C)CCC=C(C)C)=C(O)C=C3O2)C=C1O,1,335
C=C1CC[C@@H]2[C@]3(C)COC(c4cccc(Br)c4)O[C@@H]3CC[C@@]2(C)[C@@H]1C/C=C1/C(=O)OC[C@H]1O,0,CHEMBL379280
CCCn1cc(C2(c3cn(CCC)c4ccccc34)C(=O)Nc3ccccc32)c2ccccc21,1,CHEMBL4443865
N#CC1=CC=C(COC2=CC(C3=CC(=O)C4=CC=CC=C4O3)=CC=C2)C=C1,1,254
c1cc(ccc1NC(=O)[C@H]2CC(=O)Nc3c2c(nc(n3)N)N)Cl,0,B-024
CC1=CC(C(CC1)C(=C)C)C2=C(C=C(C3=C2OC=C(C3=O)C4=CC=C(C=C4)O)O)O,1,Ficusin-A-268
Fc1cccc(CSc2nc(-c3ccc(Br)cc3)cc(-c3ccc(Br)cc3)n2)c1,0,CHEMBL4437052
O=c1cc(-c2nn(C(Nc3ccc(NC(c4ccc(Cl)cc4)n4nc(-c5cc6ccccc6oc5=O)oc4=S)cc3)c3ccc(Cl)cc3)c(=S)o2)c2ccccc2o1,1,CHEMBL4449167
[H]C1=CC=C(C2=C(O)C(=O)C3=C([H])C([H])=C(O)C([H])=C3O2)C([H])=C1[H],1,95
COc1ccc(-c2oc3cc(OC)cc(OC)c3c(=O)c2OCCCCCCCCN2C[C@H](O)[C@@H](O)[C@H](O)[C@H]2CO)cc1,1,CHEMBL5076041
O=C(/C=C/c1ccccc1)/C=C1/Nc2ccccc2NC1=O,0,CHEMBL5201575
C[C@H]1CCCN(C1)C(=O)C2(CCCCCC2)/C(=N/O)/N,0,B-065
Cc1cccc(C(=O)n2nnc3ccccc32)c1,1,CHEMBL4462641
O=C(N/N=C/c1cccc(F)c1)c1cc2ccccc2oc1=O,1,CHEMBL4450733
C1CCN(CC1)c2[nH]c(=O)c(c(n2)N)Br,0,B-063
C[C@@H]1O[C@@H](O[C@@H]2[C@@H](O)[C@H](O)[C@H](O[C@H]3[C@H](O)[C@@H](O)C(O)O[C@@H]3CO)O[C@H]2CO)[C@@H](O)[C@H](O)[C@H]1N[C@H]1C=C(CO)[C@@H](O)[C@H](O)[C@H]1O,0,CHEMBL4299399
C=C1CC[C@@H]2[C@](C)(CO)[C@H](O)CC[C@@]2(C)[C@@H]1/C=C/C1=C/C(=C/c2ccc(OC)cc2)OC1=O,0,CHEMBL377520
CCCCn1cc(C2(c3cn(CCCC)c4ccccc34)C(=O)Nc3ccccc32)c2ccccc21,1,CHEMBL4550304
CCCc1c2c(n(n1)C)N[C@@H]3CCC[C@H]3CN2,0,B-145
C=C1CC[C@@H]2[C@](C)(CO)[C@H](O)CC[C@@]2(C)[C@@H]1/C=C/C1=C/C(=C/C=C/c2ccccc2)OC1=O,0,CHEMBL209093
Fc1ccc2[nH]c(-c3ccccc3)c(-c3nc(-c4ccccc4)c(-c4ccccc4)n3-c3ccccc3)c2c1,0,CHEMBL4465477
Cn1cc(-c2nnc(-c3ccc(C(c4c[nH]c5ccc(C#N)cc45)c4c[nH]c5ccc(C#N)cc45)cc3)o2)c2ccccc21,0,CHEMBL4475632
OC[C@@H]1N[C@H](CO)[C@@H](O)[C@H](O)[C@H]1O,0,CHEMBL2093897
c1cc(c2ccncc2c1N)Sc3nc(cc(n3)N)N,0,B-011
C=C1CC[C@@H]2[C@](C)(COC(=O)c3cccnc3)[C@H](OC(=O)c3cccnc3)CC[C@@]2(C)[C@@H]1/C=C/C1=C/C(=C\c2ccc(N(C)C)cc2)OC1=O,0,CHEMBL437564
C=C1C[C@]2(O)[C@@]3(C)CCC(=O)C(C)(C)C3=C(O)C(=O)[C@@]2(C)[C@@H]2C(=O)O[C@@](C)(C(=O)OC)C(=O)[C@@]12C,0,CHEMBL511953
[H]C1=C(O)C(O)=CC=C1C1=C(Cl)C(=O)C2=C(O)C([H])=C(O)C(Cl)=C2O1,1,105
COc1cc(-c2ccc(O)cc2)c(OC)c(O)c1-c1ccc(O)cc1,1,CHEMBL1795466
Cc1cc(c2cc([nH]c2c1)C(=O)N3CC[C@H](C3)C(=O)N)C,0,B-077
COc1cc(/C=N/NC(=O)c2ccc(-c3nc4ccccc4s3)cc2)ccc1O,0,CHEMBL3407643
OC[C@@H]1NC[C@H](O)[C@H]1O,1,CHEMBL406973
O=C(N/N=C1\S/C(=C\c2ccc(F)cc2)C(=O)N1c1ccccc1Cl)c1cc2ccccc2oc1=O,1,CHEMBL4475313
OCC(CO)N[C@H]1C[C@H](CO)[C@@H](O)[C@H](O)[C@H]1O,1,CHEMBL3349440
CC1(C=CC2=C(O1)C=CC(=C2)C3=COC4=CC(=CC(=C4C3=O)O)O)C,1,Isoderrone-263
COC(=O)[C@]1(Cc2ccc(O)cc2)OC(=O)C(O)=C1c1ccc(O)cc1,0,CHEMBL3753562
O=c1oc2ccccc2cc1-c1nn(C(Nc2ccc(Oc3ccc(NC(c4cccc(Br)c4)n4nc(-c5cc6ccccc6oc5=O)oc4=S)cc3)cc2)c2cccc(Br)c2)c(=S)o1,1,CHEMBL4448264
COc1ccc(C2SCC(=O)N2c2ccc3nc(Cc4ccc(O)cc4)c(=O)[nH]c3c2)cc1,0,CHEMBL4571630
Fc1ccc(Cn2cc(CSc3nc4cc(Cl)ccc4s3)nn2)cc1,0,CHEMBL4586570
Cc1ccc2c(c1)/C(=N/NC(=O)COc1ccc3ccc(=O)oc3c1)C(=O)N2,1,CHEMBL4553582
Oc1ccc(Br)cc1-c1nc2cc(Cl)ccc2s1,0,CHEMBL4528769
[H]C1=C(O)C(O)=CC=C1C1=C([H])C(=O)C2=C(O)C([H])=C(O)C(Cl)=C2O1,1,104
Cc1ccc(-n2cc(COc3ccc(/C=N/NC(=O)Cn4c(=O)c(C)nc5ccccc54)cc3)nn2)cc1,0,CHEMBL5171904
Nc1c(C(c2cccc(Cl)c2)c2c(N)c3ccccc3oc2=O)c(=O)oc2ccccc12,0,CHEMBL4458754
CNC(=O)c1cccc(c1)NC(=O)c2ccc(cc2N)N,0,B-008
c1ccc(-c2[nH]c3ccccc3c2C(c2ccc(-c3nnc(-c4c[nH]c5ccccc45)o3)cc2)c2c(-c3ccccc3)[nH]c3ccccc23)cc1,0,CHEMBL4483090
C1[C@H](OC2=C(C1=O)C(=C(C(=C2)O)CC3=CC=CC=C3O)O)C4=CC=CC=C4,1,Isochamanetin-441
O=C(Cn1cc(Cn2c(-c3ccc(Br)cc3)nc(-c3ccccc3)c2-c2ccccc2)nn1)Nc1ccc(F)cc1,0,CHEMBL3924165
Cc1cc[nH]/c(=N\S(=O)(=O)c2c(cccc2F)N)/c1,0,B-066
O=C(C[C@@H](c1c(Cl)cccc1Cl)c1c[nH]c2ccccc12)c1ccccc1,1,CHEMBL4526585
Cc1ccnc2c1nc(n2[C@@H]3CC[C@H]([C@@H](C3)C)C)N,0,B-181
C1=CC(=C(C=C1C2=C(C(=O)C3=C(C=C(C=C3O2)O)O)O)O)O,1,Quercetin-25
COc1cc(Br)ccc1O[C@H](C)Cn1cc(-c2ccc(C(F)(F)F)cc2)nn1,0,CHEMBL4586054
Cc1cc(O)c2c(c1)-c1c(-c3ccc(O)cc3)c(=O)oc3c1c-2c(O)c1cccc(O)c13,1,CHEMBL5175772
C=C1CC[C@@H]2[C@](C)(COC(=O)c3cccnc3)[C@H](OC(=O)c3cccnc3)CC[C@@]2(C)[C@@H]1/C=C/C1=C/C(=C\C(C)=C\CCC/C=C/C)OC1=O,0,CHEMBL396677
C1CCC(CC1)NC(=O)N2CCC[C@@H](C2)CO,0,B-154
Cc1ccccc1C(=O)/N=c1\scc(C)n1-c1cc(Cl)c(Cl)cc1Cl,1,CHEMBL4440783
[H]C1=C([H])C(/C=N/NC(=O)C2=CC=C(C3=CC(=O)C4=CC=CC=C4O3)C=C2)=C([H])C([H])=C1C,1,202
Cc1cccc2nc(-c3ccc(O)cc3)[nH]c12,1,CHEMBL4439784
[H]C1C2=CC(C3=COC4=CC(O)=CC=C4C3=O)=CC=C2O[C@H]1C(C)(C)O,1,Corylifols-D-453
O=C(N/N=C/c1cc(O)cc(O)c1)c1ccc(-c2nc3ccccc3s2)cc1,0,CHEMBL3407646
CC(=CCC1=C(OC2=CC(=CC(=C2C1=O)O)O)C3=C(C=C(C=C3)O)O)C,1,Albanin-A-238
c1cnc(nc1[C@H]2CCCN2C3CCCCC3)N,0,B-168
COc1ccc(/C=N/NC(=O)c2cc3ccccc3oc2=O)cc1,1,CHEMBL4165370
Cc1ccc(C(c2c[nH]c3ccc(C(=O)NNS(=O)(=O)c4cc(Cl)c(Cl)cc4Cl)cc23)c2c[nH]c3ccc(C(=O)NNS(=O)(=O)c4cc(Cl)c(Cl)cc4Cl)cc23)cc1,1,CHEMBL4565442
C[C@H]1O[C@H](O[C@H]2[C@H](O)[C@@H](O)[C@@H](O[C@H]3[C@H](O)[C@@H](O)[C@H](O)O[C@@H]3CO)O[C@@H]2CO)[C@H](O)[C@@H](O)[C@@H]1N[C@H]1C=C(CO)[C@@H](O)[C@H](O)[C@H]1O,0,CHEMBL1566
Cn1cc(C(c2ccc(-c3nnc(-c4c[nH]c5ccccc45)o3)cc2)c2cn(C)c3ccccc23)c2ccccc21,0,CHEMBL4574530
O=C1NC(=S)S/C1=C\c1cccc(OCN2C(=O)c3ccccc3C2=O)c1,0,CHEMBL4288954
C=C1C(=O)O[C@@H]2/C=C(\C)[C@@H](O)C/C=C(\C)C[C@@H](OC(=O)/C(=C\C)COC(C)=O)[C@@H]12,0,CHEMBL5084733
[H]C1=C([H])C(O)=C2C(=O)C([H])=C(C3=CC=C(O)C(O)=C3[H])OC2=C1[H],1,90
CCCCN1C[C@@H](O)[C@H](O)[C@H]1CO,0,CHEMBL310229
Cc1c(nc(nc1N)c2ccc(o2)[C@H]3C[C@@H]3C)C,0,B-113
Cc1c(c(n(n1)C)Nc2cccc3c2ccnc3)N,0,B-058
COc1cccc(c1F)c2[nH]c3c(n2)CNCC3,0,B-198
CC(=CCC1=C(C2=C(C=C1O)OC(=C(C2=O)O)C3=CC(=C(C=C3)O)O)O)C,1,6-Prenylquercetin-420
c1cc2c(cc1N)c(c[nH]2)S(=O)(=O)Nc3cc[nH]n3,0,B-036
O=c1[nH]c2ccccc2n2c(-c3ccc([N+](=O)[O-])cc3[N+](=O)[O-])ccc12,0,CHEMBL5207115
CC(C)=CCCC(C)(O)C1Cc2c(c(CC=C(C)C)c(O)c3c(=O)c4cc(O)ccc4oc23)O1,0,CHEMBL4208135
OC[C@@H]1[C@@H](O)[C@H](O)[C@@H](O)CN1CCCCCOCc1ccccc1-c1ccccc1,1,CHEMBL3354062
OC[C@H]1[C@@H](O)[C@H](O)[C@@H](O)CN1CCCCCOCc1cccc(-c2ccccc2)c1,0,CHEMBL3354631
Cc1ccc(cc1Oc2c3c(ccs3)ncn2)N,0,B-107
O=C(CSc1nnc(-c2ccccc2)c(-c2ccccc2)n1)Nc1nc(-c2ccc(Cl)cc2)cs1,1,CHEMBL4473482
COC1=CC([C@@H]2CC(=O)C3=C(O)C(C/C=C(\C)CCC=C(C)C)=C(O)C=C3O2)=CC(OC)=C1O,1,3-O-Methyl-5-O-methyldiplacone-336
O=c1oc2ccccc2cc1-c1nn(C(Nc2ccc(Oc3ccc(NC(c4ccc(Cl)cc4)n4nc(-c5cc6ccccc6oc5=O)oc4=S)cc3)cc2)c2ccc(Cl)cc2)c(=S)o1,1,CHEMBL4464119
C[C@]1(CO)NC[C@H](O)[C@@H](O)[C@@H]1O.Cl,1,CHEMBL4856375
COc1cccc(-c2nnc(N)s2)c1OC,1,CHEMBL4469380
OC[C@@H]1[C@@H](O)[C@H](O)[C@@H](O)CN1CCCCCOCc1cccc(-c2ccccc2)c1,1,CHEMBL3354063
C1CC[C@@H]([C@H](C1)NC(=O)C2(CCCC2)/C(=N\O)/N)O,0,B-021
CCCCCCCCCCCCCO[C@@H](CO)[C@H](O)C[S+]1C[C@@H](O)[C@H](O)[C@H]1CO.[Cl-],1,CHEMBL3814264
Cc1ccc(NC(=O)Cn2cc(Cn3c(-c4cccc(Cl)c4)nc(-c4ccccc4)c3-c3ccccc3)nn2)c(C)c1,0,CHEMBL3984954
O=C(/C=C(O)/C=C/c1ccc(O)c(O)c1)c1ccccc1O,0,CHEMBL2331563
CC(C)=CCC1=C(C2=CC=C(O)C=C2O)OC2=C3C=CC(C)(C)OC3=CC(O)=C2C1=O,1,Morusin-239
Cc1[nH]c2ccccc2c1-c1nnc(-c2ccc(C(c3cn(C)c4ccccc34)c3cn(C)c4ccccc34)cc2)o1,0,CHEMBL4440810
O=C(N/N=C/c1ccccc1F)c1nc(-c2cc3ccccc3oc2=O)cs1,1,CHEMBL4521797
[H]C1=C(/C=N/NC(=O)C2=CC=C(C3=CC(=O)C4=CC=CC=C4O3)C=C2)C([H])=C(OC)C([H])=C1OC,1,198
c1cc2c(ccc(c2nc1)Sc3[nH]c(=O)cc(n3)N)N,0,B-012
CCOC(=O)C1=C(Nc2cccc([N+](=O)[O-])c2)C[C@@H](c2ccc(C)cc2)N(c2cccc([N+](=O)[O-])c2)[C@@H]1c1ccc(C)cc1,1,CHEMBL4461594
COc1ccc(NC(=O)Cn2cc(COc3cc(OC(C)=O)c4c(=O)c5ccc(Br)cc5oc4c3)nn2)cc1OC,0,CHEMBL4476560
COc1ccc(Br)cc1-c1nnc(N)s1,1,CHEMBL4444070
[H]C1=C([H])C(OC)=C([H])C(/C=N/NC(=O)C2=CC=C(C3=CC(=O)C4=CC=CC=C4O3)C=C2)=C1[H],1,212
COc1ccc(NC(=O)Cn2cc(Cn3c(-c4cccs4)nc(-c4ccccc4)c3-c3ccccc3)nn2)cc1,0,CHEMBL3923085
[H]C1=CC=C(C2=C([H])C(=O)C3=C(O)C([H])=C(O)C([H])=C3O2)C([H])=C1O,1,100
Cc1ccc(C(c2c[nH]c3ccc(C(=O)NNS(=O)(=O)c4ccc([N+](=O)[O-])cc4)cc23)c2c[nH]c3ccc(C(=O)NNS(=O)(=O)c4ccc([N+](=O)[O-])cc4)cc23)cc1,1,CHEMBL4439937
Cc1ccc(N2C(=O)/C(=C/c3ccc(F)cc3)S/C2=N\NC(=O)c2cc3ccccc3oc2=O)cc1,1,CHEMBL4127059
Cn1cc(-c2nnc(-c3ccc(C(c4c(-c5ccccc5)[nH]c5ccccc45)c4c(-c5ccccc5)[nH]c5ccccc45)cc3)o2)c2ccccc21,0,CHEMBL4544255
O=C(Cn1cc(COc2cc(O)c3c(=O)c4ccc(O)cc4oc3c2)nn1)Nc1ccc(O)cc1O,0,CHEMBL4560628
COC1=CC(=C2C(=C1)OC(=C(C2=O)O)C3=CC(=C(C=C3)O)O)O,1,Rhamnetin-55
Cc1cccc(C(=O)/N=c2\scc(C)n2-c2cc(Cl)c(Cl)cc2Cl)c1,1,CHEMBL4442767
O=S(=O)([O-])O[C@@H](CO)[C@H](O)C[S+]1C[C@@H](O)[C@H](O)[C@H]1CO,1,CHEMBL239249
O=C(N/N=C/c1ccccc1F)c1cc2ccccc2oc1=O,1,CHEMBL4461307
Cc1ccc(-c2cc(-c3ccc(Br)cc3)nc(SCc3ccc(Cl)cc3)n2)cc1,0,CHEMBL4539474
Cc1ccc(C(Nc2ccc(Oc3ccc(NC(c4ccc(C)cc4)n4nc(-c5cc6ccccc6oc5=O)oc4=S)cc3)cc2)n2nc(-c3cc4ccccc4oc3=O)oc2=S)cc1,1,CHEMBL4547928
COc1ccc(-c2oc3cc(OC)cc(OC)c3c(=O)c2OCCCCCN2C[C@H](O)[C@@H](O)[C@H](O)[C@H]2CO)cc1,0,CHEMBL5083981
O=C(C[C@@H](c1ccc(Cl)cc1)c1c[nH]c2ccccc12)c1ccc2ccccc2c1,1,CHEMBL4473090
COc1c(Br)c(-c2ccc(O)cc2)c(OC)c(O)c1-c1ccc(O)cc1,0,CHEMBL4211872
C[C@@H]1CC[C@@H](N(C1)c2c(cnc(n2)N)Cl)C,0,B-172
Cn1cc(-c2nnc(-c3ccc(C(c4c[nH]c5ccccc45)c4c[nH]c5ccc(Cl)cc45)cc3)o2)c2ccccc21,1,CHEMBL4473640
C1=CC(=C(C=C1C2=C(C(=O)C3=C(C=C(C=C3O2)O)O)O[C@H]4[C@@H]([C@H]([C@@H]([C@H](O4)CO)O)O)O)O)O,1,Isoquercetin-38
Cc1cccc2nc(-c3cccc(O)c3)[nH]c12,1,CHEMBL4579201
O=C(COc1ccc2ccc(=O)oc2c1)N/N=C1\C(=O)N(Cc2ccccc2)c2ccccc21,1,CHEMBL4568489
COc1c(O)cc2oc3cc(O)c(CC=C(C)C)c(O)c3c(=O)c2c1C/C=C(\C)CCC=C(C)C,0,CHEMBL458845
O=C1C=C(C2=CC=CC(O)=C2)OC2=CC=CC=C12,1,82
C[C@H]1CCCN([C@@H]1C)c2c(cnc(n2)NN)Cl,0,B-082
Fc1ccc2[nH]c(-c3ccccc3)c(-c3nc(-c4ccccc4)c(-c4ccccc4)n3-c3cccc(Cl)c3)c2c1,0,CHEMBL4579286
[O-][C@@H](CO)[C@H](O)C[S@+]1C[C@@H](O)[C@H](O)[C@H]1CO,0,CHEMBL1684162
Cc1cccc(C)c1N1C(=O)/C(=C/c2ccc(F)cc2)S/C1=N\NC(=O)c1cc2ccccc2oc1=O,1,CHEMBL4557506
COc1cc(-c2ccc(C)cc2)ccc1O[C@H](C)Cn1cc(-c2ccc(C(F)(F)F)cc2)nn1,0,CHEMBL4473758
CC[C@H]1[C@@H]2CCCC=C2C(=C(C1(C#N)C#N)N)C#N,0,B-153
COc1cc(C(c2c(N)c3ccccc3oc2=O)c2c(N)c3ccccc3oc2=O)cc(Br)c1O,0,CHEMBL4462160
[H]/N=C/1\[C@]2(CCC[C@H](C2)C)N(C(=O)N1)CC3CC3,0,B-192
CC(C)(C#N)NC(=O)NC12CC3CC(C1)CC(C3)C2,0,B-110
O=C1C2=C(O[C@H]3[C@H](O)[C@@H](O)[C@H](O)[C@@H](CO)O3)C=C(OC)C=C2OC=C1C4=CC=C(O)C=C4,1,Prunetin-5-O-glucoside-329
N#CC1=CC(COC2=CC(C3=CC(=O)C4=CC=CC=C4O3)=CC=C2)=CC=C1,1,260
Fc1ccccc1CSc1nc(-c2ccc(Br)cc2)cc(-c2ccc(Br)cc2)n1,0,CHEMBL4465909
C1=CC(=C(C=C1[C@@H]2[C@H](C(=O)C3=C(C=C(C=C3O2)O)O)O)O)O,1,Taxifolin-111
COc1ccc([C@@H]2N[C@@H](CO)[C@H](O)[C@H]2O)cc1O,1,CHEMBL454551
O=C1NC(=S)S/C1=C\c1ccc(OCN2C(=O)c3ccccc3C2=O)c([N+](=O)[O-])c1,1,CHEMBL4294091
Nc1nnc(-c2ccc(Cl)cc2Cl)s1,1,CHEMBL1534367
C=C1CC[C@@H]2[C@](C)(COC(=O)c3cccnc3)[C@H](OC(=O)c3cccnc3)CC[C@@]2(C)[C@@H]1/C=C/C1=C/C(=C\c2ccccc2)OC1=O,0,CHEMBL396678
COc1cc(/C=C2\SC(=S)NC2=O)cc(OC)c1OCN1C(=O)c2ccccc2C1=O,0,CHEMBL4282143
CO[C@H]1O[C@H](C)[C@H](N[C@H]2C[C@](O)(CO)[C@@H](O)[C@H](O)[C@H]2O)[C@H](O)[C@H]1O,1,CHEMBL2051760
CC1(C)O[C@@H]1CC1=C(CO)C=C2O[C@H](C3=CC=C(O)C=C3)CC(=O)C2=C1,1,450
CC(C)CCCC(C)CCC1=C(O)C=CC([C@@H]2CC(=O)C3=C(O)C=C(O)C=C3O2)=C1,1,3-Geranyl-naringenin-389
O=C(Cn1nnc2ccccc21)c1cccc([N+](=O)[O-])c1,1,CHEMBL1429088
Cc1ccc(-c2csc(N/N=C3\C(=O)Nc4c(C)cc(C)cc43)n2)cc1,1,CHEMBL4538319
Clc1ccc(-c2nnc(/N=C/c3ccc(OCc4ccccc4)cc3)s2)cc1,1,CHEMBL4461186
COc1ccc(-c2csc(NC(=O)CSc3nnc(-c4ccccc4)c(-c4ccccc4)n3)n2)cc1,1,CHEMBL4544393
O=C1C=C(C2=CC=CC(OCC3=CC=CC(C(F)(F)F)=C3)=C2)OC2=CC=CC=C12,1,250
Cc1c(c(n[nH]1)C(=O)N2CCCCc3c2cccc3)N,0,B-087
O=C1Nc2ccccc2C1(c1cn(Cc2ccccc2Cl)c2ccccc12)c1cn(Cc2ccccc2Cl)c2ccccc12,1,CHEMBL4575035
c1csc(n1)NC(=O)NC2CCCCCC2,0,B-161
C[C@H]1C[C@H](N)[C@H](O)[C@@H](O)[C@@H]1N[C@H]1C[C@](O)(CO)[C@@H](O)[C@H](O)[C@H]1O,1,CHEMBL2051761
O=C(N/N=C/c1cc(O)ccc1O)c1nc(-c2cc3ccccc3oc2=O)cs1,1,CHEMBL4444658
[H]C1=C(O)C(O)=CC=C1C1=C(Cl)C(=O)C2=C(O)C([H])=C(O)C([H])=C2O1,1,102
Cc1ccc(/C=N/NC(=O)c2cc3ccccc3oc2=O)cc1,1,CHEMBL4566850
[H]/N=C\1/NC[C@H](N1c2ccc(cc2)Cl)c3c([nH]nc3C)C,0,B-094
O=c1oc2ccccc2cc1OCC(O)CSc1nnc(-c2cccc(Br)c2)c(-c2cccc(Br)c2)n1,0,CHEMBL4446517
OC[C@H]1NC[C@@H](O)[C@@H]1O,0,CHEMBL80254
C1CC[C@H]2[C@@H](C1)CCCN2C(=O)c3c(c([nH]n3)C4CC4)N,0,B-086
O=C(c1ccc(F)c(F)c1Cl)n1nnc2ccccc21,1,CHEMBL4532649
[H]C1=C2OC=C(C3=CC=C(OC)C(CC=C(C)C)=C3)C(=O)C2=C(O)C=C1O,1,biochanin-A-266
c1cc(ccc1C(=O)[O-])NC(=O)N[C@H]2CCCC[C@H]2[NH3+],0,B-016
Cc1cccc(NC(=S)NNC(=O)c2ccc(-c3nnc(-c4ccccc4Cl)o3)cc2)c1,1,CHEMBL4462975
Nc1c(C(c2ccccc2F)c2c(N)c3ccccc3oc2=O)c(=O)oc2ccccc12,0,CHEMBL4570923
CNC(=O)Nc1ccc(cc1)NC(=O)[C@@H]2C[C@H](C=C2)N,0,B-041
C1=CC(=CC=C1C2=CC(=O)C3=C(O2)C(=C(C=C3O)O)O)O,1,Isoscutellarein-327
O=C1NC(=O)/C(=C/c2ccccc2OCN2C(=O)c3ccccc3C2=O)S1,0,CHEMBL4279517
c1cnc(c(n1)CN)N2CC[C@@H]3CCCC[C@@H]3C2,0,B-162
COc1ccc(-c2oc3cc(OC)cc(OC)c3c(=O)c2OCCCCCCCCCCCN2C[C@H](O)[C@@H](O)[C@H](O)[C@H]2CO)cc1,1,CHEMBL5082173
C[C@H]1CCC[C@H]([C@@H]1C)n2c3ccncc3nc2N,0,B-134
Cc1c(cccc1N)C(=O)Nc2ccc(cc2)S(=O)(=O)N,0,B-004
[H]C1=C(O)C([H])=C(/C=N/NC(=O)C2=CC=C(C3=CC(=O)C4=CC=CC=C4O3)C=C2)C(O)=C1[H],1,190
Cc1ccc(NC(=S)NNC(=O)c2ccc(-c3nnc(-c4ccccc4Cl)o3)cc2)cc1,1,CHEMBL4443246
Cc1cccc2nc(-c3ccccc3[N+](=O)[O-])[nH]c12,1,CHEMBL4483473
C=C1C(=O)O[C@@H]2/C=C(\C)CC/C=C(\CO)C[C@@H](OC(=O)/C(C)=C/C)[C@@H]12,0,CHEMBL5077500
Cc1cc2nnn(CC(=O)c3ccc(Cl)c(Cl)c3)c2cc1C,1,CHEMBL4472850
Cc1cc(c2c(n1)c(cc(c2Cl)OC)OC)N,0,B-130
CC(=CCCC(=CCC1=C(C2=C(C=C1O)OC(=CC2=O)C3=C(C=C(C=C3)O)O)O)C)C,1,Albanin-E-236
O=C1C=C(C2=CC=CC(OCC3=CC=CC=C3)=C2)OC2=CC=CC=C12,1,249
C[C@H]1CCC[C@@H](N1N[C@@H]\2[C@@H]3CC[C@@H](C3)/C2=N\O)C,0,B-164
C[C@H](OCCCCCN1C[C@H](O)[C@@H](O)[C@H](O)[C@@H]1CO)c1ccc(-c2ccccc2)cc1,0,CHEMBL3354628
[H]C1=C([H])C(C)=C([H])C(/C=N/NC(=O)C2=CC=C(C3=CC(=O)C4=CC=CC=C4O3)C=C2)=C1[H],1,201
C1CC[C@@H]([C@@H](C1)C(=O)[O-])NC(=O)N[C@@H]2CCCC[C@@H]2[NH3+],0,B-035
c1cc(c(cc1Cl)NC(=O)Nc2c(cn[nH]2)N)Cl,0,B-046
Nc1nnc(-c2cccc([N+](=O)[O-])c2)s1,1,CHEMBL1299882
Cc1cc(O)cc(O)c1C(=O)O[C@H]1[C@@H]2COC(/C=C/[C@H](C)O)=CC2=CC(=O)[C@@]1(C)O,0,CHEMBL4214649
[H]C1=C(O)C([H])=C(O)C(/C=N/NC(=O)C2=CC=C(C3=CC(=O)C4=CC=CC=C4O3)C=C2)=C1[H],1,189
Cc1nccn1-c1ccc(/C=C2/SC(=O)NC2=O)cc1,1,CHEMBL4465310
CCCCCCCC[C@@H](O)[C@H](O)[C@H](O)C[S@+]1C[C@@H](O)[C@H](O)[C@H]1CO.CS(=O)(=O)[O-],1,CHEMBL4757822
Clc1cc(Cl)cc(Cn2cc(CSc3nc4cc(Cl)ccc4s3)nn2)c1,0,CHEMBL4457442
C=C(C)C(O)CC/C(C)=C/COc1ccc2oc3cc(O)cc(O)c3c(=O)c2c1,0,CHEMBL4202640
Cc1c(n(c2c1c(ncn2)N)[C@H]3CCC[C@H]([C@@H]3C)C)C,0,B-109
[H]C1=C(O)C(OC)=CC([C@H]2OC3=CC(O)=C(C/C=C(\C)CCC=C(C)C)C(O)=C3C(=O)C2O)=C1,1,3-O-Methyldiplacol-337
O=C(Cn1cc(COc2cc(O)c3c(=O)c4ccc(Br)cc4oc3c2)nn1)Nc1ccc(O)c(O)c1,1,CHEMBL4472998
COc1cc(OC)c([C@@H](OC)[C@H](C)O)cc1OC,0,CHEMBL4162593
CCn1c(c(c(n1)C)N)N2C[C@H](C[C@@H](C2)C)C,0,B-177
O=C(COc1ccc2ccc(=O)oc2c1)N/N=C1\C(=O)N(Cc2cccc(F)c2)c2ccc(Cl)cc21,1,CHEMBL4545087
Clc1ccc(CSc2nc(-c3ccc(Br)cc3)cc(-c3ccc(Br)cc3)n2)cc1,0,CHEMBL4460212
O=C(N/N=C/c1ccccc1)c1cc2ccccc2oc1=O,1,CHEMBL4456026
[H]C1=C([H])C([H])=C(O)C([C@@H]2CC(=O)C3=C(O)C(C)=C(O)C(C)=C3O2)=C1,1,Matteucin-482
CN1[C@H](CO)[C@@H](O)[C@H](O)[C@H]1CO,0,CHEMBL310231
O=C(N/N=C/c1cccc(O)c1)c1ccc(-c2nc3ccccc3s2)cc1,0,CHEMBL3407641
COc1cc(-c2ccc(O)cc2)c(OC)c(O)c1-c1ccc(O)c(O)c1,0,CHEMBL1795465
COc1cc(-c2ccc(OCCBr)cc2)c(OC)c(O)c1-c1ccc(O)cc1,0,CHEMBL4213017
O=c1cc(-c2nn(C(Nc3ccc(NC(c4ccc(F)cc4)n4nc(-c5cc6ccccc6oc5=O)oc4=S)cc3)c3ccc(F)cc3)c(=S)o2)c2ccccc2o1,1,CHEMBL4538427
O=C1NC(=O)/C(=C\c2ccc(-n3cnc4ccccc43)cc2)S1,1,CHEMBL4472969
O=C(N/N=C/c1cccc(O)c1O)c1ccc(-c2nc3ccccc3s2)cc1,0,CHEMBL3407622
O=C(N/N=C/c1ccc(O)c(F)c1)c1nc(-c2cc3ccccc3oc2=O)cs1,1,CHEMBL4553128
COc1cc(-c2ccc(F)cc2)ccc1O[C@H](C)Cn1cc(-c2ccc(C(F)(F)F)cc2)nn1,0,CHEMBL4543995
CCCCC[C@H]1NC[C@@H](O)[C@@H](O)[C@H]1CO,0,CHEMBL4085739
CN1C[C@H](O)[C@@H](O)[C@H](O)[C@H]1CO,1,CHEMBL75971
O[C@@H]([C@@H]([C@H]1O)O)[C@H](CO[C@H]([C@H]([C@@H]2O)O)O[C@@H](C)[C@@H]2O)O[C@H]1OC3[C@@](C(C=C4O)=CC=C4O)(CO)OC5=C(C(O)=CC(O)=C5)C3=O,1,Isoradiorutinol-295
OC[C@@]1(O)C[C@H](NCCc2ccccc2)[C@H](O)[C@@H](O)[C@@H]1O,1,CHEMBL3349437
Cc1cc(O)cc(O)c1C(=O)O[C@H]1[C@@H]2COC(/C=C/C=O)=CC2=CC(=O)[C@@]1(C)O,0,CHEMBL4215785
COc1cc(-c2ccc(O)cc2)c(OC)c(O)c1-c1ccc(OCC=C(C)C)cc1,0,CHEMBL4209575
CCOc1cc(/C=C2\SC(=S)NC2=O)ccc1OCN1C(=O)c2ccccc2C1=O,0,CHEMBL4281051
O=C(CSc1nnc(-c2ccc(F)cc2)c(-c2ccc(F)cc2)n1)Nc1nc(-c2ccccc2)cs1,1,CHEMBL4458336
C=C1CC[C@@H]2[C@](C)(CO)[C@H](O)CC[C@@]2(C)[C@@H]1/C=C/C1=C/C(=C/c2ccccc2)OC1=O,0,CHEMBL238603
Cc1ccc(C(=O)n2nnc3cc(Cl)c(Cl)cc32)cc1C,1,CHEMBL4573584
COc1ccc(O)c(/C=N/NC(=O)c2cc3ccccc3[nH]2)c1,1,CHEMBL4438611
COc1ccc2c(c1)cc3c(c(sc3n2)C#N)N,0,B-150
Fc1cccc(Cn2cc(CSc3nc4ccccc4s3)nn2)c1,0,CHEMBL4463405
O=C(N/N=C/c1ccccc1O)c1cc2ccccc2[nH]1,1,CHEMBL4476335
COc1ccc(/C=C2/C=C(/C=C/[C@@H]3[C@@]4(CC[C@@H]5[C@](C)(CO)[C@H](O)CC[C@]53C)CO4)C(=O)O2)cc1,0,CHEMBL205155
COc1cc(/C=C2\SC(=O)NC2=O)cc(OC)c1OCN1C(=O)c2ccccc2C1=O,0,CHEMBL4285567
N[C@H]1C[C@](O)(CO)[C@@H](O)[C@H](O)[C@H]1O,1,CHEMBL222396
OC[C@@H]1[C@@H](O)[C@H](O)[C@@H](O)CN1CCCCCOCc1ccc(-c2ccccc2)cc1,1,CHEMBL3354025
COc1ccc(NC(=O)Cn2cc(COc3cc(OC(C)=O)c4c(=O)c5ccc(OC)cc5oc4c3)nn2)c(OC)c1,0,CHEMBL4454919
CN1C(=O)/C(=N\Nc2nc(-c3ccc(F)cc3)cs2)c2ccccc21,1,CHEMBL4453617
O=C(/C=C(O)/C=C/c1ccco1)c1cc(O)ccc1O,0,CHEMBL4213032
CO[C@H]1O[C@H](C)[C@@H](N[C@H]2C[C@](O)(CO)[C@@H](O)[C@H](O)[C@H]2O)[C@H](O)[C@H]1O,1,CHEMBL2051983
O=c1oc2ccccc2cc1-c1nn(C(Nc2ccc(Oc3ccc(NC(c4ccc(Br)cc4)n4nc(-c5cc6ccccc6oc5=O)oc4=S)cc3)cc2)c2ccc(Br)cc2)c(=S)o1,1,CHEMBL4549137
O=C(N/N=C/c1ccc(O)c(O)c1)c1cc2ccccc2[nH]1,1,CHEMBL4525854
COc1ccc(C(=O)/N=c2\scc(C)n2-c2cc(Cl)c(Cl)cc2Cl)cc1,1,CHEMBL4457996
COc1ccc(O)c(/C=N/NC(=O)c2ccc(-c3nc4ccccc4s3)cc2)c1,1,CHEMBL3407617
CC(C)=CCC/C(C)=C/CCC(C)(O)CCc1c(O)c(O)cc2oc3cc(O)cc(O)c3c(=O)c12,0,CHEMBL4580552
C=C1C(=O)O[C@@H]2/C=C(\C)CC/C=C(\CC(=O)O)C[C@@H](OC(=O)/C(C)=C/C)[C@@H]12,0,CHEMBL5079023
Clc1ccccc1CSc1nc(-c2ccc(Br)cc2)cc(-c2ccc(Br)cc2)n1,0,CHEMBL4572048
O=C(CSc1nnc(-c2ccc(Br)cc2)c(-c2ccc(Br)cc2)n1)Nc1nc(-c2ccccc2)cs1,1,CHEMBL4578419
C=C1CC[C@@H]2[C@](C)(COC(=O)c3cccnc3)[C@H](OC(=O)c3cccnc3)CC[C@@]2(C)[C@@H]1/C=C/C1=C/C(=C\c2ccc(OC)cc2)OC1=O,0,CHEMBL394049
COc1cc2c(cc1F)NC[C@H]3COC[C@H]3N2,0,B-196
c1cc(nc2c1Nc3c(c(ncn3)N)S2)Cl,0,B-052
C1Cc2c(sc3c2c(nc(n3)SCC#N)N)C1,0,B-101
Cc1ccccc1NC(=O)Cn1cc(Cn2c(-c3ccc(Br)cc3)nc(-c3ccccc3)c2-c2ccccc2)nn1,0,CHEMBL3968348
Cc1ccnc(n1)Nc2ccc3c(c2)CCCN3,0,B-167
O=C(NNC(=S)Nc1ccc(F)cc1)c1ccc(-c2nnc(-c3ccccc3Cl)o2)cc1,1,CHEMBL4582866
COc1ccc(/C=N/NC(=O)c2cc3ccccc3oc2=O)c(O)c1,1,CHEMBL4475749
COC(=O)[C@]1(Cc2ccc(O)c(CC=C(C)C)c2)OC(=O)C(O)=C1c1ccc(O)cc1,0,CHEMBL517026
Cc1ccc(C(c2c[nH]c3ccc(C(=O)NNS(=O)(=O)c4ccc([N+](=O)[O-])cc4[N+](=O)[O-])cc23)c2c[nH]c3ccc(C(=O)NNS(=O)(=O)c4ccc([N+](=O)[O-])cc4[N+](=O)[O-])cc23)cc1,1,CHEMBL4519690
COc1cc(-c2ccc(O)cc2)c(OC)c(OCCBr)c1-c1ccc(O)cc1,0,CHEMBL4217433
Cc1ccc(C(c2c[nH]c3ccc(C(=O)NNS(=O)(=O)c4ccc(Cl)c(Cl)c4)cc23)c2c[nH]c3ccc(C(=O)NNS(=O)(=O)c4ccc(Cl)c(Cl)c4)cc23)cc1,1,CHEMBL4465117
Cc1cccc2nc(-c3ccccc3Cl)[nH]c12,1,CHEMBL4453302
c1ccc2c(c1)CCC[C@H]2Oc3c(cncn3)N,0,B-185
COc1ccc(O)c(/C=N/NC(=O)c2cc3ccccc3oc2=O)c1,1,CHEMBL4474453
OC[C@@]1(O)C[C@H](NCc2cccs2)[C@H](O)[C@@H](O)[C@@H]1O,1,CHEMBL3349441
CC1C(C(C(C(O1)OCC2C(C(C(C(O2)OC3=CC(=C4C(=C3)OC(=CC4=O)C5=CC=C(C=C5)OC)O)O)O)O)O)O)O,1,Buddleoside-43
OC1=CC(O[C@H]2[C@H](O)[C@@H](O)[C@H](O)[C@@H](CO)O2)=C(C(C(C3=CC=C(O)C=C3)=CO4)=O)C4=C1,1,Genistein-5-O-glucoside-330
O=C1NC(=O)/C(=C/c2ccc(OCN3C(=O)c4ccccc4C3=O)cc2)S1,0,CHEMBL4284072
COc1ccc(C(=O)Cn2nnc3ccccc32)cc1,1,CHEMBL4561169
[H]C1=C(OC)C(O)=C([H])C([C@@H]2CC(=O)C3=C(O)C(C)=C(O)C(C)=C3O2)=C1,1,3-Hydroxymatteucinol-485
CCCCCO[C@@H](CO)[C@H](O)C[S+]1C[C@@H](O)[C@H](O)[C@H]1CO.[Cl-],1,CHEMBL3814555
O=C(N/N=C/c1ccc(Cl)cc1)c1ccc(-c2nc3ccccc3s2)cc1,1,CHEMBL3407639
C1[C@H](OC2=CC(=CC(=C2C1=O)O)O)C3=CC=C(C=C3)O,1,Naringenin-28
c1ccc2c(c1)nc3n2[C@H](NC(=N3)N)[C@@H]4CCC=CC4,0,B-075
Cc1nc2ccccc2n(CC(=O)N/N=C/c2ccc(OCCn3cc(CN4CCOCC4)nn3)cc2)c1=O,0,CHEMBL5179527
CCCCN1[C@H](CO)[C@H](O)[C@@H](O)[C@H](O)[C@H]1CO,1,CHEMBL3084806
[H]/N=C/1\[C@@]2(CCC[C@@H](CC2)C)N(C(=O)N1)CCC,0,B-142
O=c1cc(-c2nn(C(Nc3ccc(-c4ccc(NC(c5ccc(Br)cc5)n5nc(-c6cc7ccccc7oc6=O)oc5=S)cc4)cc3)c3ccc(Br)cc3)c(=S)o2)c2ccccc2o1,1,CHEMBL4552230
CC(=CC[C@H](CC1=C2C(=C(C=C1O)O)C(=O)C[C@H](O2)C3=CC=CC=C3O)C(=C)C)C,1,Kushenol-A-297
Cc1cc2nnn(CC(=O)c3ccccc3)c2cc1C,1,CHEMBL4443687
C[C@H]1CC[C@@H]2[C@H]1C1=C(C=C3OC(C4=CC=CC=C4)=CC(=O)C3=C1O)OC2(C)C,1,Amelliaone-C-372
c1cc2c(cc1Cl)cc(o2)[C@H](c3cnns3)N,0,B-148
CC(C)c1c(c(n[nH]1)C(=O)Nc2cccc3c2cn[nH]3)N,0,B-019
O=C(Cn1nnc2ccccc21)c1ccccc1,1,CHEMBL1438482
O=C(N/N=C/c1c(O)cc(O)cc1O)c1ccc(-c2nc3ccccc3s2)cc1,0,CHEMBL3407637
CO[C@H]1O[C@H](C)[C@H](N[C@H]2C=C(CO)[C@@H](O)[C@H](O)[C@H]2O)[C@H](O)[C@H]1O,0,CHEMBL2051764
Cc1ccc(-c2cc(-c3ccc(Br)cc3)nc(SCc3ccccc3Br)n2)cc1,0,CHEMBL4527538
CCOC(=O)C1=C(Nc2cccc(F)c2)C[C@@H](c2ccc(Cl)cc2)N(c2cccc(F)c2)[C@@H]1c1ccc(Cl)cc1,1,CHEMBL4516653
C[C@]1(CO)[C@H]2CC[C@@]3(CO3)[C@@H](/C=C/C3=C/C(=C/C=C/c4ccccc4)OC3=O)[C@]2(C)CC[C@H]1O,0,CHEMBL205969
O=C(N/N=C/c1ccncc1)c1ccc(-c2nc3ccccc3s2)cc1,0,CHEMBL3407642
Cc1cnc(nc1N)N2CC[C@@](C2)(c3ccccc3)O,0,B-055
Nc1nnc(-c2ccccc2[N+](=O)[O-])s1,1,CHEMBL4466754
O=C(COc1ccc2ccc(=O)oc2c1)N/N=C1\C(=O)Nc2ccc(F)cc21,1,CHEMBL4463121
CCOc1ccccc1NC(=O)Cn1cc(Cn2c(-c3ccccc3F)nc(-c3ccccc3)c2-c2ccccc2)nn1,0,CHEMBL3919478
O=C(N/N=C/c1cccc(O)c1O)c1cc2ccccc2[nH]1,1,CHEMBL4593066
O=C(N/N=C/c1ccc(Cl)cc1)c1nc(-c2cc3ccccc3oc2=O)cs1,1,CHEMBL4583678
COc1cc(-c2ccc(OCC=C(C)C)cc2)c(OC)c(O)c1-c1ccc(O)cc1,0,CHEMBL4204714
COc1ccc(/C=N/NC(=O)c2ccc(-c3nc4ccccc4s3)cc2)cc1O,0,CHEMBL3407631
OC[C@@H]1NC[C@H](O)[C@@H](O)[C@H]1O,0,CHEMBL179409
CCCCN1C[C@H](O)[C@@H](O)[C@H](O)[C@@H]1CO,0,CHEMBL1076754
O=C(CSc1nnc(-c2ccc(F)cc2)c(-c2ccc(F)cc2)n1)Nc1nc(-c2ccc(Br)cc2)cs1,1,CHEMBL4545231
Cc1cs/c(=N\C(=O)c2cccc3ccccc23)n1-c1cc(Cl)c(Cl)cc1Cl,1,CHEMBL4456568
Cc1cc(nc(c1/C(=N/O)/N)N2CCC[C@H]3[C@@H]2CCC3)C,0,B-081
COc1ccccc1/C=N/NC(=O)c1nc(-c2cc3ccccc3oc2=O)cs1,1,CHEMBL4468721
Cc1ccc(C(c2c[nH]c3ccc(C(=O)NNS(=O)(=O)c4ccc(C)cc4)cc23)c2c[nH]c3ccc(C(=O)NNS(=O)(=O)c4ccc(C)cc4)cc23)cc1,1,CHEMBL4459920
Cc1ccccc1NC(=O)Cn1cc(Cn2c(-c3cccc(F)c3)nc(-c3ccccc3)c2-c2ccccc2)nn1,0,CHEMBL3936073
O=C(N/N=C/c1cc(Cl)ccc1O)c1nc(-c2cc3ccccc3oc2=O)cs1,1,CHEMBL4460908
C1=CC(=CC=C1/C=C/C(=O)OC[C@@H]2[C@H]([C@@H]([C@H]([C@@H](O2)OC3=C(OC4=CC(=CC(=C4C3=O)O)O)C5=CC=C(C=C5)O)O)O)O)O,1,Tiliroside-217
c1nc(c2c(n1)[nH]c(n2)SSc3[nH]c4c(n3)c(ncn4)N)N,0,B-001
O=C(CSc1nnc(-c2ccc(F)cc2)c(-c2ccc(F)cc2)n1)Nc1nc(-c2ccc(Cl)cc2)cs1,1,CHEMBL4565828
O=C(COc1ccc2ccc(=O)oc2c1)N/N=C1\C(=O)N(Cc2ccccc2F)c2ccccc21,1,CHEMBL4438638
Cc1ccc([C@H](CC(=O)c2ccccc2)c2c[nH]c3ccccc23)cc1,1,CHEMBL4590962
O=c1ccc2ccc(OCC(O)CSc3nnc(-c4ccc(F)cc4)c(-c4ccc(F)cc4)n3)cc2o1,0,CHEMBL4587989
Cc1cnc(s1)NC(=O)Nc2ccc(cc2F)F,0,B-103
COc1cc(-c2ccc(OCCC(C)C)cc2)c(OC)c(O)c1-c1ccc(O)cc1,0,CHEMBL4205623
C[C@H]1[C@@H]([C@H]([C@H]([C@@H](O1)OC[C@@H]2[C@H]([C@@H]([C@H]([C@@H](O2)OC3=C(OC4=CC(=CC(=C4C3=O)O)O)C5=CC(=C(C=C5)O)OC)O)O)O)O)O)O,1,Isorhamnetin-3-rutinoside-6
COc1cccc(/C=N/NC(=O)c2ccc(-c3nc4ccccc4s3)cc2)c1,0,CHEMBL3407640
O=C1C=C(C2=CC=CC(OCC3=CC=CC(F)=C3F)=C2)OC2=CC=CC=C12,1,258
OC[C@@]1(O)C[C@H](NC/C=C/c2ccccc2)[C@H](O)[C@@H](O)[C@@H]1O,1,CHEMBL3349443
COC1=CC=C(C=C1)C2=COC3=C(C2=O)C=CC(=C3)O[C@H]4[C@@H]([C@H]([C@@H]([C@H](O4)CO)O)O)O,1,Ononin-346
Cn1c(c(cn1)c2nc3ccc(cc3s2)Cl)N,0,B-139
[H]C1=C([H])C(C2=C([H])C(=O)C3=C(O)C([H])=C([H])C([H])=C3O2)=CC=C1O,1,89
O=C(N/N=C\c1ccco1)c1ccc(-c2nc3ccccc3s2)cc1,0,CHEMBL3407625
O=C1C[C@@H](C2=CC=C(O)C=C2)OC2=CC(O)=C(CN3CCN(CCO)CC3)C(O)=C12,1,363
COC(=O)c1ccc(/C=N/NC(=O)c2ccc(-c3nc4ccccc4s3)cc2)cc1,0,CHEMBL3407628
C[C@H]1C[C@H](CC(C1)(C)C)Oc2c(cncn2)N,0,B-186
Cc1ccc(-c2cc(-c3cccc(Br)c3)nc(SCc3ccccc3Cl)n2)cc1,0,CHEMBL4449386
Cc1cc(nc(c1C#N)Oc2cc(ccc2N)F)C,0,B-106
COC1=CC=C([C@@H]2CC(=O)C3=C(O)C(C/C=C(\C)CCC=C(C)C)=C(O)C=C3O2)C=C1O,1,4-O-Methyldiplacone-334
COC1=C(OC2=CC(=CC(=C2C1=O)O)O)C3=CC(=C(C=C3)O)O,1,Quercetin-3-methyl-ether-271
Cc1ccc2c(c1)/C(=N/NC(=O)COc1ccc3ccc(=O)oc3c1)C(=O)N2Cc1cccc(F)c1,1,CHEMBL4537391
Nc1c(C(c2ccccc2Cl)c2c(N)c3ccccc3oc2=O)c(=O)oc2ccccc12,0,CHEMBL4470944
CC(C)Cn1cc(C2(c3cn(CC(C)C)c4ccccc34)C(=O)Nc3ccccc32)c2ccccc21,1,CHEMBL4436361
O=C(Cn1nnc2ccccc21)c1ccc(Cl)cc1,1,CHEMBL203543
CC(=O)Nc1ccc(-n2c(-c3c(-c4ccccc4)[nH]c4ccc(F)cc34)nc(-c3ccccc3)c2-c2ccccc2)cc1,0,CHEMBL4531602
O=C(NNC(=S)Nc1ccccc1F)c1ccc(-c2nnc(-c3ccccc3Cl)o2)cc1,1,CHEMBL4586665
O=C(NNC(=S)Nc1ccc(Cl)cc1)c1ccc(-c2nnc(-c3ccccc3Cl)o2)cc1,1,CHEMBL4550413
COC(OC)C1=CC2=CC(=O)[C@@](C)(O)[C@@H](OC(=O)c3c(C)cc(O)cc3O)[C@@H]2CO1,0,CHEMBL4206469
Cc1ccc(-c2cc(-c3cccc(Br)c3)nc(SCc3ccc(F)cc3)n2)cc1,0,CHEMBL4458760
C1=CC=C(C=C1)C2=CC(=O)C3=C(C=C(C=C3O2)O)O,1,Chrysin-73
CC(C)=CCC/C(C)=C/CC/C(C)=C/CC1=C2O[C@H](C3=CC=C(O)C=C3)CC(=O)C2=C(O)C=C1O,1,Mortatarin-D-233
C1=CC(=C(C=C1C2=CC(=O)C3=C(C=C(C=C3O2)O[C@H]4[C@@H]([C@H]([C@@H]([C@H](O4)CO)O)O)O)O)O)O,1,Luteolin-7-glucoside-4
[H]C1=C(OC)C([H])=C([H])C([C@@H]2CC(=O)C3=C(O)C(C)=C(O)C(C)=C3O2)=C1,1,Matteucinol-483
COc1cccc(N2C(=O)/C(=C/c3ccc(F)cc3)S/C2=N\NC(=O)c2cc3ccccc3oc2=O)c1,1,CHEMBL4469426
Cc1cccc2nc(-c3ccc(Cl)cc3)[nH]c12,1,CHEMBL4543481
O=c1cc(-c2nn(C(Nc3ccc(NC(c4ccc([N+](=O)[O-])cc4)n4nc(-c5cc6ccccc6oc5=O)oc4=S)cc3)c3ccc([N+](=O)[O-])cc3)c(=S)o2)c2ccccc2o1,1,CHEMBL4551617
COc1cccc(C(c2c(N)c3ccccc3oc2=O)c2c(N)c3ccccc3oc2=O)c1,0,CHEMBL4472698
Cc1ccc(C(c2c[nH]c3ccc(C(=O)NNS(=O)(=O)c4cc(Cl)cc(Cl)c4)cc23)c2c[nH]c3ccc(C(=O)NNS(=O)(=O)c4cc(Cl)cc(Cl)c4)cc23)cc1,1,CHEMBL4468394
CC1(C)CCc2cc(CC3=C(c4ccc(O)cc4)C(O)OC3=O)ccc2O1,0,CHEMBL4213599
Cc1c2c(n(n1)C)N[C@@H]3CCCCC[C@@H]3CN2,0,B-195
COc1ccc(-c2csc(N/N=C3\C(=O)N(C)c4ccccc43)n2)cc1,1,CHEMBL4513279
Fc1cccc(Cn2cc(CSc3nc4cc(Cl)ccc4s3)nn2)c1,0,CHEMBL4580550
Cc1cc(C)c2c(c1)/C(=N/Nc1nc(-c3ccc(F)cc3)cs1)C(=O)N2,1,CHEMBL4468486
c1cc(c(cc1F)C(=O)[O-])NC(=O)N[C@@H]2CCCC[C@@H]2[NH3+],0,B-017
O=C(NNC(=S)Nc1ccccc1Br)c1ccc(-c2nnc(-c3ccccc3Cl)o2)cc1,1,CHEMBL4543092
O=C1Nc2ccccc2/C1=N/Nc1nc(-c2ccc(Cl)cc2)cs1,1,CHEMBL3409199
C1=CC(=C(C=C1C2=CC(=O)C3=C(O2)C(=C(C=C3O)O)O)O)O,1,Hypolaetin-328
O=C(c1cccc(Cl)c1)n1nnc2cc(Cl)c(Cl)cc21,1,CHEMBL4469294
C[C@H]1CCC[C@@H](C1)NC(=O)N2CCC[C@@H](C2)CO,0,B-123
C=CCc1cc(-c2cc(CC=C)c3oc(SCc4nnc(-c5ccccc5Br)o4)nc3c2)c2oc(SCc3nnc(-c4ccccc4Br)o3)nc2c1,0,CHEMBL5209522
Cc1ccc(C(=O)n2nnc3ccccc32)cc1C,1,CHEMBL4443784
Cc1ccc(cc1)Cc2nnc3n2cc(cc3)N,0,B-114
O=C(COc1ccc2ccc(=O)oc2c1)N/N=C1\C(=O)Nc2ccc([N+](=O)[O-])cc21,1,CHEMBL4471443
CC(=CCC1=C2C(=C(C=C1O)O)C(=O)C(=CO2)C3=CC=C(C=C3)O)C,1,Lupiwighteone-222
CCO[C@@H](CO)[C@H](O)C[S+]1C[C@@H](O)[C@H](O)[C@H]1CO.[Cl-],1,CHEMBL3814838
O=C(N/N=C/c1ccc([N+](=O)[O-])cc1)c1ccc(-c2nc3ccccc3s2)cc1,0,CHEMBL3407630
C1CCN([C@H](C1)C(=O)N)C(=O)C2(CCCC2)/C(=N/O)/N,0,B-013
CC(C)n1c2cccc(c2nc1c3cn[nH]c3N)F,0,B-059
[H]C1=C([H])C([H])=C2C(=O)C(O)=C(C3=CC=C(O)C(O)=C3[H])OC2=C1[H],1,85
Cc1ccc(N2C(=O)/C(=C/c3ccc(F)cc3)S/C2=N\NC(=O)c2cc3ccccc3oc2=O)cc1C,1,CHEMBL4531736
Cc1ccc[nH+]c1Nc2c(c(nc[nH+]2)N3CCCCC3)N,0,B-009
C#CCOc1ccc(-c2cc(OC)c(-c3ccc(O)cc3)c(OCC#C)c2OC)cc1,0,CHEMBL4215507
Cc1c(c(n[nH]1)C)NC(=O)c2cc(ccc2NN)Cl,0,B-020
OC[C@@]1(O)C[C@H](N[C@H]2CCCC[C@@H]2O)[C@H](O)[C@@H](O)[C@@H]1O,1,CHEMBL3349439
O=C1C=C(C2=CC=C(O)C=C2)OC2=CC(O)=C(C3CCCCN3)C(O)=C12,1,351
Cc1cs/c(=N\C(=O)c2cc3ccccc3oc2=O)n1-c1cc(Cl)c(Cl)cc1Cl,1,CHEMBL4443277
O=C(Cn1cc(COc2cc(O)c3c(=O)c4cc(O)ccc4oc3c2)nn1)Nc1ccc(O)cc1O,0,CHEMBL4538081
COc1cccc(NC(=S)NNC(=O)c2ccc(-c3nnc(-c4ccccc4Cl)o3)cc2)c1,1,CHEMBL4466929
C1=CC(=CC=C1C2=CC(=O)C3=C(O2)C(=C(C=C3O)O)[C@H]4[C@@H]([C@H]([C@@H]([C@H](O4)CO)O)O)O)O,1,Vitexin-455
C[C@@H]1CC[C@@H]([C@@H](C1)C)n2c3ccncc3nc2N,0,B-180
Cc1ccccc1N1C(=O)/C(=C/c2ccc(F)cc2)S/C1=N\NC(=O)c1cc2ccccc2oc1=O,1,CHEMBL4441658
O=C(N/N=C/c1ccc(O)cc1)c1cc2ccccc2[nH]1,1,CHEMBL4217244
Cc1ccc(c(c1)C)N(C)c2c(c(ncn2)Cl)N,0,B-118
[H]C1=CC=C(C2=C(O)C(=O)C3=C([H])C([H])=C(O)C([H])=C3O2)C([H])=C1O,1,94
O=C1C(O)=C(C2=CC(O)=C(OCCN(CCO)C3=CC=CC=C3)C(O)=C2)OC2=CC(O)=CC(O)=C12,1,246
COC1=CC(=C2C(=C1)OC=C(C2=O)C3=CC=C(C=C3)O)O,1,Prunetin-331
C=C1CC[C@@H]2[C@](C)(CO)[C@H](O)CC[C@@]2(C)[C@@H]1/C=C/C1=C/C(=C/c2cc(OC)c(OC)cc2OC)OC1=O,0,CHEMBL238604
COC1=CC=C(C=C1)[C@@H]2CC(=O)C3=C(C=C(C=C3O2)O)O,1,Isosakuranetin-272
C1CCC(CC1)NC(=O)N2CCC[C@@H](C2)C(=O)N,0,B-060
CCc1c(c(n(n1)C)N2CCc3c2cccc3)N,0,B-178
CC(C)CO[C@@H](CO)[C@H](O)C[S+]1C[C@@H](O)[C@H](O)[C@H]1CO.[Cl-],1,CHEMBL3814988
Cc1c(c(n[nH]1)C(=O)N2CCC[C@H]2C3CCCCC3)N,0,B-069
Cc1ccc(-c2csc(NC(=O)CSc3nnc(-c4ccc(F)cc4)c(-c4ccc(F)cc4)n3)n2)cc1,1,CHEMBL4545190
COc1cc(-c2ccc(O)c(O)c2)c(OC)c(O)c1-c1ccc(O)c(O)c1,0,CHEMBL1795467
O=C(/C=C(O)/C=C/c1cc(O)ccc1O)c1ccc(O)cc1O,0,CHEMBL4208620
OC[C@@]1(O)C[C@H](NCC2CCCCC2)[C@H](O)[C@@H](O)[C@@H]1O,1,CHEMBL3349433
COC(=O)c1ccc(-c2nc(-c3ccccc3)c(-c3ccccc3)n2Cc2cn(CC(=O)Nc3cc(Cl)ccc3Cl)nn2)cc1,0,CHEMBL3980621
COc1ccc(Cc2nnc(-c3ccc(Cl)cc3)n2CC(=O)NNC(=S)Nc2ccc(Cl)cc2)cc1,1,CHEMBL4450847
Cc1ccc(NC(=O)Cn2cc(Cn3c(-c4cccc(F)c4)nc(-c4ccccc4)c3-c3ccccc3)nn2)c(C)c1,0,CHEMBL3896149
CC(C)(C)c1c(c(n(n1)c2ccncc2)N)Cl,0,B-197
O=C(N/N=C/c1cccc(Cl)c1)c1nc(-c2cc3ccccc3oc2=O)cs1,1,CHEMBL4456697
COc1cc(-c2nnc(/N=C/c3ccc(O)cc3)s2)ccc1OCc1ccccc1,1,CHEMBL4593969
Cc1ccc(-c2csc(NC(=O)CSc3nnc(-c4ccccc4)c(-c4ccccc4)n3)n2)cc1,1,CHEMBL4592051
O=C1C[C@@H](C2=CC=C(O)C=C2)OC2=CC(O)=C(CN3CCCCC3)C(O)=C12,1,355
Clc1ccc(Cn2cc(CSc3nc4ccccc4s3)nn2)cc1,0,CHEMBL4551296
[H]C1=C(O)C([H])=C([H])C([C@@H]2CC(=O)C3=C(O)C(C)=C(O)C(C)=C3O2)=C1,1,Farrerol-481
C1CCCC(CC1)C(=O)N2CCCC[C@@H]2/C(=N\O)/N,0,B-078
O=C(NNC(=S)Nc1ccc([N+](=O)[O-])cc1)c1ccc(-c2nnc(-c3ccccc3Cl)o2)cc1,1,CHEMBL4464685
O=C1/C(=C/c2ccccc2)CCC/C1=C\c1ccc(O)c(O)c1,0,CHEMBL4208759
C=C(C)C(O)CC1=C2OC(C3=CC=C(O)C=C3O)=C(CC=C(C)C)C(=O)C2=C(O)C=C1O,1,Mornigrol-F-241
Nc1ccn(C2OC(CO)[C@@H](O)[C@H]2O)c(=O)n1,1,CHEMBL4237960
COC(=O)[C@]1(Cc2ccc3c(c2)C[C@H](C(C)(C)O)O3)OC(=O)C(O)=C1c1ccc(O)cc1,0,CHEMBL2035562
O=C(C[C@@H](c1ccccc1)c1c[nH]c2ccccc12)c1ccccc1,1,CHEMBL4464394
c1cc(ccc1NC(=O)c2ccc(c(c2)F)N)S(=O)(=O)N,0,B-023
COc1cc(Br)ccc1O[C@H](C)Cn1cc(-c2ccccc2)nn1,0,CHEMBL4581675
Cc1ccccc1Oc2c(c(nc(n2)C)Cl)N,0,B-199
[H]C1=C(OC)C=C([C@@H]2CC(=O)C3=C(O)C(C)=C(O)C(C)=C3O2)C(O)=C1[H],1,Methoxymatteucin-484
O=C(CSc1nnc(-c2ccccc2)c(-c2ccccc2)n1)Nc1nc(-c2ccc(F)cc2)cs1,1,CHEMBL4566821
COc1ccc(NC(=O)Cn2cc(COc3cc(O)c4c(=O)c5cc(Br)ccc5oc4c3)nn2)c(OC)c1,1,CHEMBL4466757
CC1C(C(C(C(O1)OC2=C(OC3=CC(=CC(=C3C2=O)O)O)C4=CC(=C(C(=C4)O)O)O)O)O)O,1,Myricetin-3-O-L-rhamnoside-400
Cc1cc(O)cc(O)c1C(=O)O[C@]1(C)C(=O)C=C2C=C(/C=C/CO)OC=C2C1=O,0,CHEMBL3609760
Cc1ccc(C(c2c[nH]c3ccc(C(=O)NNS(=O)(=O)c4cccc([N+](=O)[O-])c4)cc23)c2c[nH]c3ccc(C(=O)NNS(=O)(=O)c4cccc([N+](=O)[O-])c4)cc23)cc1,1,CHEMBL4460255
COc1ccc(O)c(-c2nc3cccc(C)c3[nH]2)c1,1,CHEMBL4482888
[H]C1=CC([C@H]2OC3=CC(O)=C(C4CCCCN4)C(O)=C3C(=O)C2[H])=CC=C1O,1,347
COc1cc(/C=C2\SC(=O)NC2=O)ccc1OCN1C(=O)c2ccccc2C1=O,0,CHEMBL4277201
c1c(c([nH]n1)N)[C@@H]([C@H]2CCOC3(C2)CCCCC3)NN,0,B-049
CC(C)(C)CO[C@@H](CO)[C@H](O)C[S+]1C[C@@H](O)[C@H](O)[C@H]1CO.[Cl-],1,CHEMBL3815109
O=C1Nc2ccc(Cl)cc2C1(c1c[nH]c2ccccc12)c1c[nH]c2ccccc12,1,CHEMBL2011865
C[C@H]1CN(C[C@@H]1C)C(=O)c2c(ccc(n2)NN)Cl,0,B-080
O=C(Cn1cc(Cn2c(-c3ccc(F)cc3)nc(-c3ccccc3)c2-c2ccccc2)nn1)Nc1ccc(Cl)cc1Cl,0,CHEMBL3900431
CCOC(=O)CC(=O)OCC,1,CHEMBL177114
C[C@]1(CCc2ccccc2C1)NC(=O)c3c(nccn3)N,0,B-098
CC(C)(C)c1ccc(Cn2cc(CSc3nc4ccccc4s3)nn2)cc1,0,CHEMBL4547082
O=C(N/N=C/c1ccc(O)c(O)c1)c1ccc(-c2nc3ccccc3s2)cc1,0,CHEMBL3407626
O=C1C[C@@H](C2=CC=C(O)C=C2)OC2=CC(O)=C(CN3CCC4=CC=CC=C4C3)C(O)=C12,1,361
COc1cc(-c2ccc(O)cc2)c(O)c(O)c1-c1ccc(O)cc1,0,CHEMBL4206986
c1cc(c(cc1Oc2c3c(ncn2)CCC3)Cl)N,0,B-116
O=C(NNC(=S)Nc1cccc(F)c1)c1ccc(-c2nnc(-c3ccccc3Cl)o2)cc1,1,CHEMBL4553428
O=c1cc(-c2nn(C(Nc3ccc(NC(c4cccc(Br)c4)n4nc(-c5cc6ccccc6oc5=O)oc4=S)cc3)c3cccc(Br)c3)c(=S)o2)c2ccccc2o1,1,CHEMBL4459113
COc1ccc(NC(=O)Cn2cc(COc3cc(O)c4c(=O)c5cc(Br)ccc5oc4c3)nn2)cc1OC,0,CHEMBL4456031
[H]/N=C\1/C2(CCC(CC2)C(C)(C)C)N(C(=O)N1)CC#C,0,B-143
CC(C)(C)[C@H](C1=NC(=O)C2(CCCCCC2)C(=O)N1)N,0,B-092
C[C@H]1[C@@H]([C@H]([C@H]([C@@H](O1)O[C@@H]2[C@H]([C@@H]([C@H](O[C@H]2C3=C(C4=C(C=C3O)OC(=CC4=O)C5=CC(=C(C=C5)O)O)O)CO)O)O)O)O)O,1,Isoorientin-2-O-rhamnoside-170
Cc1ccc(C(c2c[nH]c3ccc(C(=O)NNS(=O)(=O)c4cc(Cl)ccc4Cl)cc23)c2c[nH]c3ccc(C(=O)NNS(=O)(=O)c4cc(Cl)ccc4Cl)cc23)cc1,1,CHEMBL4444856
c1c(cc(cc1Cl)Cl)/N=C(/[C@H]2C=N[NH+]=C2N)\[O-],0,B-074
COc1ccc(/C=N/NC(=O)c2nc(-c3cc4ccccc4oc3=O)cs2)c(O)c1,1,CHEMBL4553656
c1cc(c(cc1Cl)Oc2cc(nc(n2)N)NN)Cl,0,B-039
O=C(O)CN1C(=O)S/C(=C/c2ccc(-n3ccc4c(Br)ccnc43)cc2)C1=O,1,CHEMBL4521001
COc1ccc(/C=N/NC(=O)c2cc3ccccc3[nH]2)c(I)c1O,1,CHEMBL4533603
C1=CC(=CC=C1C2=C(C(=O)C3=C(C=C(C=C3O2)O)O)O[C@H]4[C@@H]([C@H]([C@@H]([C@H](O4)CO)O)O)O)O,1,Astragalin-2
C[C@@H]1CN([C@@H](CO1)C)c2ccc3c(c2N)cccn3,0,B-157
C=CCc1cc(CSc2nnc(-c3cccc(OC)c3)o2)c(O)c(-c2ccc(O)c(CC=C)c2)c1,0,CHEMBL5195148
CNc1ccc2c(n1)[nH]c(n2)[C@H]3Cc4ccccc4N3,0,B-095
CN(C)c1ccc(C(Nc2ccc(-c3ccc(NC(c4ccc(N(C)C)cc4)n4nc(-c5cc(=O)oc6ccccc56)oc4=S)cc3)cc2)n2nc(-c3cc4ccccc4oc3=O)oc2=S)cc1,1,CHEMBL4467305
COc1c(O)ccc2c(=O)c3c(O)cc4c(c3oc12)C(C)(C)C(CO)O4,0,CHEMBL4218731
O=C1Nc2ccccc2C1(c1cn(Cc2cccc(F)c2)c2ccccc12)c1cn(Cc2cccc(F)c2)c2ccccc12,1,CHEMBL4564310
[H]C1=C(O)C(O)=C([H])C([C@@H]2CC(=O)C3=C(O)C(C)=C(O)C(C)=C3O2)=C1,1,Cyrtominetin-486
CCc1c2c(n[nH]1)OC(=C([C@@H]2[C@H]3CCCC=C3)C#N)N,0,B-099
O=C(O)C1=CC=C(C2=CC(=O)C3=CC=CC=C3O2)C=C1,1,184
COc1cccc(C(Nc2ccc(NC(c3cccc(OC)c3)n3nc(-c4cc(=O)oc5ccccc45)oc3=S)cc2)n2nc(-c3cc4ccccc4oc3=O)oc2=S)c1,1,CHEMBL4513326
CC(C)=CCC1=CC(C2OC3=CC(O)=CC(O)=C3C(=O)C2O)=CC(O)=C1O,1,5-Prenylquercetin-341
COc1cc(-c2ccc(OCCBr)cc2)c(OC)c(OCCBr)c1-c1ccc(O)cc1,1,CHEMBL4204289
CCCOc1ccc(-c2c(OC)cc(-c3ccc(O)cc3)c(OC)c2OCCC)cc1,0,CHEMBL4209580
O=C1NC(=O)/C(=C\c2ccc(-n3ccc4c(Nc5ccccc5OC(F)(F)F)ccnc43)cc2)S1,1,CHEMBL4541639
O=C1Nc2cc(Br)ccc2/C1=N/NC(=O)c1ccccc1O,1,CHEMBL4455386
COc1cc(-c2ccc(O)cc2)c(OC)c(OCCC(C)C)c1-c1ccc(O)cc1,0,CHEMBL4210494
[H]/N=C\1/[C@]2(CCC[C@@H](CC2)CC)N(C(=O)N1)CC#C,0,B-189
COc1ccccc1C(=O)n1nnc2ccccc21,1,CHEMBL1253491
O=c1ccc2ccc(Oc3cc4ccc(O)c(-c5c(OC6O[C@H](CO)[C@@H](O)[C@H](O)[C@H]6O)ccc6ccc(=O)oc56)c4oc3=O)cc2o1,0,CHEMBL4543696
C=CCc1cc(-c2cc(CC=C)c3oc(SCc4nnc(-c5cccc(C)c5)o4)nc3c2)c2oc(SCc3nnc(-c4cccc(C)c4)o3)nc2c1,0,CHEMBL5202537
C=C(C)C(O)CC1=C(OC)C=C2O[C@H](C3=CC=C(O)C=C3)CC(=O)C2=C1,1,449
CCOC(=O)C1=C(Nc2cccc(Cl)c2)C[C@@H](c2ccc(Cl)cc2)N(c2cccc(Cl)c2)[C@@H]1c1ccc(Cl)cc1,1,CHEMBL4532383
O=C(N/N=C/c1ccc(F)cc1)c1cc2ccccc2oc1=O,1,CHEMBL4545537
Cc1c(c(n[nH]1)C)N[C@H]2[C@@H]3CCO[C@@H]3C2(C)C,0,B-125
CC1(C)CCc2cc(CC3=C(c4ccc(O)cc4)[C@@](O)(C(=O)O)OC3=O)ccc2O1,0,CHEMBL4079099
C=C1CC[C@@H]2[C@]3(C)COC(c4ccccc4)O[C@@H]3CC[C@@]2(C)[C@@H]1C/C=C1/C(=O)OC[C@H]1O,0,CHEMBL380336
COc1cc(-c2ccc(O)cc2)c(OC)c(O)c1-c1ccc(O)c(CC=C(C)C)c1,0,CHEMBL1795464
C1=CC(=CC=C1C2=C(C(=O)C3=C(C=C(C=C3O2)O[C@H]4[C@@H]([C@H]([C@@H]([C@H](O4)CO)O)O)O)O)O)O,1,Kaempferol-7-glucoside-457
O=C(N/N=C/c1cc(O)cc(O)c1)c1cc2ccccc2[nH]1,1,CHEMBL4442533
CN(C)c1ccc(C(Nc2ccc(Oc3ccc(NC(c4ccc(N(C)C)cc4)n4nc(-c5cc6ccccc6oc5=O)oc4=S)cc3)cc2)n2nc(-c3cc4ccccc4oc3=O)oc2=S)cc1,1,CHEMBL4549180
CCOC(=O)CN1C(=O)S/C(=C/c2ccc(-n3ccc4c(Br)ccnc43)cc2)C1=O,1,CHEMBL4449655
[H]C1=CC(C2=C([H])C(=O)C3=C(O)C=C(O)C(O[C@H]4O[C@H](C)[C@@H](O)[C@H](O)[C@@H]4O)=C3O2)=CC=C1O,1,Isoscutellarein-8-O-rhamnoside-309
Cn1c(c(cn1)[C@@H]([C@@H]2CCOC3(C2)CCCC3)NN)N,0,B-048
C1CCC(CC1)(C(=O)N2CCC[C@@H](C2)CNC(=O)N)N,0,B-005
COc1ccc(-c2nc3cccc(C)c3[nH]2)cc1O,1,CHEMBL4550935
CCCCCCNC1C=C(CO)C(O)C(O)C1O,0,CHEMBL354193
c1ccc2c(c1)ncn2c3ccc4c(c3N)ncs4,0,B-105
Cc1ccc(-c2csc(NC(=O)CSc3nnc(-c4ccc(Br)cc4)c(-c4ccc(Br)cc4)n3)n2)cc1,1,CHEMBL4543253
CC(C)=CCc1cc(C[C@@]2(C(=O)O)OC(=O)C(OC(C)(C)[C@@H](O)Cc3cc(C[C@@]4(C(=O)O)OC(=O)C(O)=C4c4ccc(O)cc4)ccc3O)=C2c2ccc(O)cc2)ccc1O,0,CHEMBL5201393
O=c1ccc2ccc(OCC(O)CSc3nnc(-c4ccccc4)c(-c4ccccc4)n3)cc2o1,0,CHEMBL4469981
CC(=CCC1=C(C2=C(C=C1O)O[C@@H](CC2=O)C3=CC=C(C=C3)O)O)C,1,6-Prenylnaringenin-421
CO[C@@H]1OC(=O)C(Cc2ccc(O)c(CC=C(C)C)c2)=C1c1ccc(O)cc1,0,CHEMBL4203235
[H]C1=C(O)C([H])=C(Br)C(/C=N/NC(=O)C2=CC=C(C3=CC(=O)C4=CC=CC=C4O3)C=C2)=C1[H],1,199
C1=CC(=C(C=C1C2=C(C(=O)C3=C(O2)C=C(C=C3)O)O)O)O,1,Fisetin-27
c1cc(ccc1Nc2c(c(nc(n2)N)N)N=O)Br,0,B-002
COc1ccc(-n2c(-c3c(-c4ccc(Cl)cc4)[nH]c4ccc(Cl)cc34)nc(-c3ccccc3)c2-c2ccccc2)cc1,0,CHEMBL4570383
O=C(N/N=C/c1ccccc1[N+](=O)[O-])c1cc2ccccc2oc1=O,1,CHEMBL4549420
COC(=O)CCC1=CC2=CC(=O)[C@@](C)(O)[C@@H](OC(=O)c3c(C)cc(O)cc3O)[C@@H]2CO1,0,CHEMBL4210842
CC(C)=CCC/C(C)=C/CC1=CC(C2=COC3=CC(O)=CC(O)=C3C2=O)=CC=C1O,1,Myrsininone-A-267
CCc1c2c(n(n1)C)N[C@@H]3CCCC[C@H]3CN2,0,B-193
C1=CC(=CC=C1C2=COC3=C(C2=O)C=CC(=C3)O)O,1,Daidzein-20
CCCOc1ccc(-c2cc(OC)c(-c3ccc(O)cc3)c(OCCC)c2OC)cc1,0,CHEMBL4216906
O=C(CSc1nnc(-c2ccc(Br)cc2)c(-c2ccc(Br)cc2)n1)Nc1nc(-c2ccc(Cl)cc2)cs1,1,CHEMBL4570594
C1[C@H]([C@H](OC2=CC(=CC(=C21)O)O)C3=CC(=C(C=C3)O)O)O,1,Epicatechin-30
Nc1c(C(c2ccc(O)cc2)c2c(N)c3ccccc3oc2=O)c(=O)oc2ccccc12,0,CHEMBL4468008
C[C@H]1[C@@H]([C@H]([C@H]([C@@H](O1)OC2=C(OC3=CC(=CC(=C3C2=O)O)O)C4=CC(=C(C(=C4)O)O)O)O)O)O,1,Myricitrin-113
O=C(N/N=C/c1ccccc1O)c1nc(-c2cc3ccccc3oc2=O)cs1,1,CHEMBL4576919
C=C1C(=O)O[C@@H]2/C=C(\C)CC/C=C(\C)C[C@@H](OC(=O)/C(=C/C)COC(C)=O)[C@@H]12,0,CHEMBL5088957
[H]C1=C(O)C(CC2=C3OC(C4=CC=CC=C4)=CC(=O)C3=C(O)C=C2O)=CC(O)=C1,1,Desmoscochinflavone-B-440
COc1ccc(/C=N/NC(=O)c2ccc(-c3nc4ccccc4s3)cc2)c(O)c1,1,CHEMBL3407623
CC(C)[C@H]1c2c(n[nH]c2OC(=C1C#N)N)c3cccs3,0,B-100
O=C(C[C@@H](c1cccc(Br)c1)c1c[nH]c2ccccc12)c1ccccc1,1,CHEMBL4472506
Cc1c(c(nc(n1)N)c2ccc(cc2)[N+](=O)[O-])C(=O)NN,0,B-028
Cc1cccc(C(c2c(N)c3ccccc3oc2=O)c2c(N)c3ccccc3oc2=O)c1,0,CHEMBL4521652
C1=CC(=C(C=C1O)O)C2=C(C(=O)C3=C(C=C(C=C3O2)O)O)O,1,Morin-101
C[C@@H]1CCc2ccccc2N1C(=O)c3ccc(nc3)NN,0,B-071
COc1cccc(/C=N/Nc2nc3ccccc3[nH]c2=O)c1,0,CHEMBL5194852
CC/C=C\C/C=C\CCC(=O)O[C@@]12[C@H](OC(=O)[C@@H](C)CC)[C@@H](C)[C@@]3(O)[C@@H](C(=O)C(CO)=C[C@]4(O)C(=O)C(C)=C[C@@H]34)[C@@H]1C2(C)C,0,CHEMBL5175917
CC(C)=CCC1=C(C2=CC=C(O)C=C2O)OC2=C(CC(O)C(C)(C)O)C(O)=CC(O)=C2C1=O,1,Mortatarin-B-231
O=C1O/C(=C\c2ccc(O)cc2)C(O)=C1c1ccc(O)cc1,0,CHEMBL2337339
CC(C)=CCc1c(O)c(CC=C(C)C)c2oc3ccc(O)cc3c(=O)c2c1O,0,CHEMBL1782240
O=C(N/N=C/c1ccc(O)cc1)c1ccc(-c2nc3ccccc3s2)cc1,0,CHEMBL3407620
O=C(N/N=C/c1ccc(O)cc1O)c1cc2ccccc2oc1=O,1,CHEMBL4161936
CCCOc1ccc(-c2cc(OC)c(-c3ccc(O)cc3)c(O)c2OC)cc1,0,CHEMBL4216316
O=C(N/N=C/c1ccc(Br)c(F)c1)c1cc2ccccc2[nH]1,1,CHEMBL4437179
O=C(C[C@@H](c1ccc(Cl)cc1Cl)c1c[nH]c2ccccc12)c1ccccc1,1,CHEMBL4556170
Cc1cccc2nc(-c3ccc(O)cc3O)[nH]c12,1,CHEMBL4447344
Cc1c(C(c2ccc(-c3nnc(-c4c[nH]c5ccccc45)o3)cc2)c2c(C)n(C)c3ccccc23)c2ccccc2n1C,0,CHEMBL4541097
C=CCc1cc(-c2cc(CC=C)c3oc(SCc4nnc(-c5cccc(OC)c5)o4)nc3c2)c2oc(SCc3nnc(-c4cccc(OC)c4)o3)nc2c1,0,CHEMBL5186121
COC(=O)[C@@]1(O)OC(=O)C(Cc2ccc3c(c2)CCC(C)(C)O3)=C1c1ccc(O)cc1,0,CHEMBL4070953
OCN(CO)[C@H]1C[C@](O)(CO)[C@@H](O)[C@H](O)[C@H]1O,1,CHEMBL3349431
Nc1nnc(-c2ccc(O)cc2)s1,1,CHEMBL4471826
Nc1c(C(c2cccc(Br)c2)c2c(N)c3ccccc3oc2=O)c(=O)oc2ccccc12,0,CHEMBL4569072
c1cc(ccc1C(=O)Nc2ccc(cc2)S(=O)(=O)N)N,0,B-003
O=C(COc1ccc2ccc(=O)oc2c1)N/N=C1\C(=O)N(Cc2ccc(Br)cc2)c2ccccc21,1,CHEMBL4518046
Cc1c(cccc1NC(=O)N[C@H]2CCCC[C@@H]2[NH3+])C(=O)[O-],0,B-026
COc1cccc(C(Nc2ccc(-c3ccc(NC(c4cccc(OC)c4)n4nc(-c5cc(=O)oc6ccccc56)oc4=S)cc3)cc2)n2nc(-c3cc4ccccc4oc3=O)oc2=S)c1,1,CHEMBL4461882
C=C1CC[C@@H]2[C@](C)(CO)[C@H](O)CC[C@@]2(C)[C@@H]1/C=C/C1=C/C(=C/c2ccc(N(C)C)cc2)OC1=O,0,CHEMBL241165
CCCCOc1ccc(C(=O)n2nnc3ccccc32)cc1,1,CHEMBL4466646
OC[C@@H]1N[C@@H](c2ccc(O)cc2)[C@H](O)[C@H]1O,0,CHEMBL4783560
COc1cc(/C=C2\SC(=S)NC2=O)ccc1OCN1C(=O)c2ccccc2C1=O,0,CHEMBL4280619
C1CCC(CC1)NC(=O)Nc2nc3c(s2)CNCC3,0,B-056
[H]/N=C\1/[C@]2(CCCC(CC2)(C)C)N(C(=O)N1)CC#C,0,B-190
C[C@H]1[C@@H]([C@H]([C@H]([C@@H](O1)OC2=C(OC3=CC(=CC(=C3C2=O)O)O)C4=CC(=C(C=C4)O)O)O)O)O,1,Quercetrin-9
CCCC(=O)C1=CC=C(N2CCN(CC3=C(O)C=C4O[C@H](C5=CC=C(O)C=C5)CC(=O)C4=C3O)CC2)C=C1,1,369
Cc1c(c(n[nH]1)C)NC(=O)c2cc(c([nH]2)Cl)Cl,0,B-057
O=C(Cn1nnc2ccccc21)c1cccc(Cl)c1Cl,1,CHEMBL4516633
CC1=CC(COC2=CC(C3=CC(=O)C4=CC=CC=C4O3)=CC=C2)=CC=C1,1,259
Cc1cnc-2nc([nH]c(c12)Nc3ccc(cc3)F)C,0,B-102
Clc1ccc2[nH]cc(C(c3ccc(-c4nnc(-c5c[nH]c6ccccc56)o4)cc3)c3c[nH]c4ccc(Cl)cc34)c2c1,0,CHEMBL4447911
OC[C@H]1[C@@H](O)[C@H](O)[C@@H](O)CN1CCCCCOCc1ccc(-c2ccccc2)cc1F,0,CHEMBL3354636
CC1(CCCN(CC1)c2c3cc(ccc3ncn2)N)C,0,B-127
O=C1NC(=O)/C(=C\c2ccc(-n3ncc4ccccc43)cc2)S1,1,CHEMBL4544064
O=C(N/N=C/c1cccnc1)c1ccc(-c2nc3ccccc3s2)cc1,0,CHEMBL3407619
O=C1CSC(=O)N1,1,CHEMBL85398
O=C1NC(=O)/C(=C/c2ccc(OCN3C(=O)c4ccccc4C3=O)c(Cl)c2)S1,0,CHEMBL4291262
Cc1cs/c(=N\C(=O)c2ccco2)n1-c1cc(Cl)c(Cl)cc1Cl,1,CHEMBL4476028
Cc1ccnc2c1nc(n2C3CCC(CC3)(C)C)N,0,B-135
Cc1ccc(c(c1)N)Oc2c3c(ncn2)CCC3,0,B-115
Cc1ccc(c(c1)NN)C(=O)N=c2[nH]c3ccccc3[nH]2,0,B-045
COc1c(O)cc2oc3cc(O)c(C/C=C(\C)CO)c(O)c3c(=O)c2c1C/C=C(\C)CCC=C(C)C,0,CHEMBL4451474
O=c1ccc2ccc(OCC(O)CSc3nnc(-c4ccco4)c(-c4ccco4)n3)cc2o1,0,CHEMBL4579423
Fc1cccc(CSc2nc(-c3ccc(Br)cc3)cc(-c3cccc(Br)c3)n2)c1,0,CHEMBL4545982
O=C1C=C(C2=CC=C(O)C(C3=C4OC(C5=CC=C(O)C=C5)=CC(=O)C4=C(O)C=C3O)=C2)OC2=CC(O)=CC(O)=C12,1,Amentoflavone-15
COC1=CC=C(C=C1)C2=COC3=C(C2=O)C=CC(=C3)O,1,Formononetin-137
O=C(COc1ccc2ccc(=O)oc2c1)N/N=C1\C(=O)N(Cc2cccc(F)c2)c2ccccc21,1,CHEMBL4475058
O=C(N/N=C/c1cc(O)ccc1O)c1ccc(-c2nc3ccccc3s2)cc1,0,CHEMBL3407645
[H]C1=C([H])C(/C=N/NC(=O)C2=CC=C(C3=CC(=O)C4=CC=CC=C4O3)C=C2)=C([H])C([H])=C1O,1,194
CSCC[C@H](NC(=O)[C@H](CC(C)C)NC(=O)[C@H](CO)NC(=O)[C@@H]1CCCN1C(=O)[C@@H](NC(=O)[C@@H](N)CCCNC(=N)N)C(C)C)C(=O)O,0,CHEMBL4458477
Cc1cc(C)c2c(c1)/C(=N/NC(=O)COc1ccc3ccc(=O)oc3c1)C(=O)N2,1,CHEMBL4435626
CCCCN1C[C@H](O)[C@@H](O)[C@@H](O)[C@H]1CO,0,CHEMBL1086997
Cc1ccc(C(c2c[nH]c3ccc(C(=O)NNS(=O)(=O)c4ccccc4Br)cc23)c2c[nH]c3ccc(C(=O)NNS(=O)(=O)c4ccccc4Br)cc23)cc1,1,CHEMBL4444058
OC[C@H](N[C@H]1C[C@](O)(CO)[C@@H](O)[C@H](O)[C@H]1O)c1ccccc1,1,CHEMBL2374253
[H]C1=C([H])C([H])=C(/C=N/NC(=O)C2=CC=C(C3=CC(=O)C4=CC=CC=C4O3)C=C2)C(O)=C1[H],1,192
C=C1C(=O)O[C@@H]2/C=C(\C)CC/C=C(\C)C[C@@H](OC(=O)/C(=C/CO)CO)[C@@H]12,0,CHEMBL490011
COc1ccccc1NC(=S)NNC(=O)c1ccc(-c2nnc(-c3ccccc3Cl)o2)cc1,1,CHEMBL4446128
Cc1cc2c(nc1)n(c(n2)N)[C@@H]3CCC[C@@H](C3)C,0,B-182
COc1ccc(C(=O)Nc2cccc(C(=O)/C=C3/Nc4ccccc4NC3=O)c2)cc1,0,CHEMBL5196850
CNC(=O)NNC(=O)C1C2CC3CC(C2)CC1C3,0,B-067
Cc1ccc(-c2csc(N/N=C3\C(=O)Nc4ccccc43)n2)cc1,1,CHEMBL3409203
C[C@H]1CC[C@@H]2[C@H]1C1=C(C=C3OC(C4=CC=C(O)C=C4)=CC(=O)C3=C1O)OC2(C)C,1,Amelliaone-B-371
COc1ccc2c(=O)c3c(OC(C)=O)cc(OCc4cn(CC(=O)Nc5ccc(OC)c(OC)c5)nn4)cc3oc2c1,0,CHEMBL4453842
COC1=CC=C(COC2=CC(C3=CC(=O)C4=CC=CC=C4O3)=CC=C2)C=C1,1,255
Fc1ccc(CSc2nc(-c3ccc(Br)cc3)cc(-c3ccc(Br)cc3)n2)cc1,0,CHEMBL4454092
Clc1ccccc1CSc1nc(-c2ccc(Br)cc2)cc(-c2cccc(Br)c2)n1,0,CHEMBL4575673
Cc1cccc2nc(-c3cccc(F)c3)[nH]c12,1,CHEMBL4521147
Cc1ccc(cc1)NC(=O)[C@H]2CCc3c([nH]c(n3)C)C2,0,B-149
O=C1NC(=S)S/C1=C\c1cc(Cl)ccc1OCN1C(=O)c2ccccc2C1=O,0,CHEMBL4286187
O=C(N/N=C/c1ccc(F)c(Br)c1)c1ccc(-c2nc3ccccc3s2)cc1,0,CHEMBL3407635
C1=CC(=CC=C1C2=CC(=O)C3=C(C=C(C=C3O2)O)O)O,1,Apigenin-22
O=C(N/N=C/c1cccc(F)c1)c1nc(-c2cc3ccccc3oc2=O)cs1,1,CHEMBL4452388
CC(C)=CCC1=C(O)C2=C(C=C1O)O[C@@H](C1=CC(O)=C(O)C=C1)CC2=O,1,6-Prenyleriodictyol-342
[H]C1=C(OC)C(O)=CC([C@H]2OC3=CC(O)=C(C/C=C(\C)CCC=C(C)C)C(O)=C3C(=O)C2O)=C1,1,4-O-Methyldiplacol-338
Cc1c(c(n[nH]1)NC(=O)Nc2cccc(c2)C(F)(F)F)N,0,B-047
O=C(CSc1nnc(-c2ccccc2)c(-c2ccccc2)n1)Nc1nc(-c2ccc(Br)cc2)cs1,1,CHEMBL4469167
Cc1ccccc1S(=O)(=O)/N=c\2/ccc(c[nH]2)N,0,B-089
OC[C@H]1[C@@H](O)[C@H](O)[C@@H](O)CN1CCCCCOCc1ccc(-c2ccccc2)c(F)c1,0,CHEMBL3354637
COc1ccccc1-c1nc(-c2ccccc2)c(-c2ccccc2)n1Cc1cn(CC(=O)Nc2ccc(C)cc2)nn1,0,CHEMBL3910543
O=c1ccc2ccc(OCC(O)CSc3nnc(-c4cccc(F)c4)c(-c4cccc(F)c4)n3)cc2o1,0,CHEMBL4528814
Cc1ccc(-c2csc(N/N=C3\C(=O)N(C)c4ccccc43)n2)cc1,1,CHEMBL4525043
COc1cc(-c2cc3c(c(=O)o2)C[C@]2(O)[C@@]4(C)C(=O)C=CC(C)(C)[C@]4(O)CC[C@@]2(C)O3)cc2c1OCO2,0,CHEMBL470039
O=C(N/N=C/c1ccccc1)c1ccc(-c2nc3ccccc3s2)cc1,0,CHEMBL3407634
Cc1cc(n[nH]1)NS(=O)(=O)c2c[nH]c3c2cc(cc3)N,0,B-037
C=CCOc1c(OC)c(-c2ccc(O)cc2)cc(OC)c1-c1ccc(O)cc1,0,CHEMBL4213451
Nc1nnc(-c2c3ccccc3cc3ccccc23)s1,1,CHEMBL4466501
O=C(N/N=C1\S/C(=C\c2ccc(F)cc2)C(=O)N1c1cccc(Cl)c1)c1cc2ccccc2oc1=O,0,CHEMBL4593240
CC(=CCC1=C(C=CC(=C1)C2CC(=O)C3=C(O2)C(=C(C=C3)O)CC=C(C)C)O)C,1,Glabrol-182
Cc1ccc(C)c(N2C(=O)/C(=C/c3ccc(F)cc3)S/C2=N\NC(=O)c2cc3ccccc3oc2=O)c1,0,CHEMBL4521673
Clc1ccc2sc(SCc3cn(Cc4ccc(Br)cc4)nn3)nc2c1,0,CHEMBL4443928
O=c1[nH]c2ccccc2nc1N/N=C/c1cccs1,0,CHEMBL5203236
[H]C1=C([H])C(O)=C(O)C(/C=N/NC(=O)C2=CC=C(C3=CC(=O)C4=CC=CC=C4O3)C=C2)=C1[H],1,188
O=c1cc(-c2nn(C(Nc3ccc(NC(c4ccc(Cl)cc4Cl)n4nc(-c5cc6ccccc6oc5=O)oc4=S)cc3)c3ccc(Cl)cc3Cl)c(=S)o2)c2ccccc2o1,1,CHEMBL4438224
CN1C[C@@H](O)[C@H](O)[C@H]1CO,0,CHEMBL80148
Cc1cccc2nc(-c3ccc(F)cc3)[nH]c12,1,CHEMBL4555802
Nc1nnc(-c2ccc([N+](=O)[O-])cc2)s1,1,CHEMBL4550622
Cc1cccc2nc(-c3ccc(O)c(O)c3)[nH]c12,1,CHEMBL4556298
C[C@H]1CC[C@@H]2[C@H](C1)C1=C(C=C3OC=C(C4=CC=C(O)C=C4)C(=O)C3=C1O)OC2(C)C,1,Amelliaone-D-373
CC(=CCC1=C(C=C2C(=C1O)C(=O)C(=C(O2)C3=CC(=C(C=C3)O)O)OC)OC)C,1,6-Prenylquercetin-3-methyl-ether-340
Cn1cc(-c2nnc(-c3ccc(C(c4c[nH]c5ccc(Br)cc45)c4c[nH]c5ccc(Br)cc45)cc3)o2)c2ccccc21,0,CHEMBL4468287
COC(=O)[C@]1(Cc2ccc3c(c2)CCC(C)(C)O3)OC(=O)C(O)=C1c1ccc(O)cc1,0,CHEMBL4068225
Fc1ccccc1Cn1cc(CSc2nc3cc(Cl)ccc3s2)nn1,0,CHEMBL4462234
CNc1ccc2c(n1)[nH]c(n2)c3c[nH]c(n3)C4(CCC4)N,0,B-043
CCCCCCCCC[C@H]1NC[C@@H](O)[C@@H](O)[C@H]1CO,0,CHEMBL4288931
CCCCCCCCNC1C=C(CO)C(O)C(O)C1O,0,CHEMBL422734
COc1ccc(-c2nc3cccc(C)c3[nH]2)c(O)c1,1,CHEMBL4475487
[H]C1=C(O)C(/C=N/NC(=O)C2=CC=C(C3=CC(=O)C4=CC=CC=C4O3)C=C2)=C([H])C([H])=C1OC,1,195
OC[C@@]1(O)C[C@H](NC[C@H](O)c2ccccc2)[C@H](O)[C@H](O)[C@H]1O,1,CHEMBL2374254
COc1cc(-c2ccc([N+](=O)[O-])cc2)ccc1O[C@H](C)Cn1cc(-c2ccc(C(F)(F)F)cc2)nn1,0,CHEMBL4526260
Oc1cc(O)c2c(c1)O[C@@H](c1ccc(O)c(O)c1)[C@H](O)C2,0,CHEMBL200715
Cn1c(c(cn1)N)C(=O)Nc2cccc(c2Cl)Cl,0,B-084
C[C@H]1C[C@@H](O)[C@H](O)[C@@H](O)[C@H]1N[C@H]1C[C@](O)(CO)[C@@H](O)[C@H](O)[C@H]1O,1,CHEMBL2051982
CCCCCCCC[C@@H](O)[C@H](OS(=O)(=O)[O-])[C@H](O)C[S@+]1C[C@@H](O)[C@H](O)[C@H]1CO,1,CHEMBL4786471
O=c1[nH]c2ccccc2n2c(-c3ccc(Cl)c(Cl)c3)ccc12,0,CHEMBL5179709
CCCN(CCCC1=C(O)C=C(C2=CC(=O)C3=C(O)C=C(O)C=C3O2)C=C1O)S(=O)(=O)C1=CC=C(C)C=C1,1,247
O=C(COc1ccc2ccc(=O)oc2c1)N/N=C1\C(=O)N(Cc2ccccc2Cl)c2ccc(Br)cc21,1,CHEMBL4583142
Cc1c2c(c3cccnc3c1Cl)n(c(n2)N)C,0,B-152
C1=CC(=CC=C1C2=COC3=CC(=CC(=C3C2=O)O)O)O,1,Genistein-19
O=c1cc(-c2nn(C(Nc3ccc(-c4ccc(NC(c5ccc(Cl)cc5)n5nc(-c6cc7ccccc7oc6=O)oc5=S)cc4)cc3)c3ccc(Cl)cc3)c(=S)o2)c2ccccc2o1,1,CHEMBL4574481
O=C1C[C@@H](C2=CC=C(O)C=C2)OC2=CC(O)=C(CN3CCOCC3)C(O)=C12,1,359
O=C(C[C@@H](c1ccc(Cl)cc1)c1c[nH]c2ccccc12)c1ccccc1,1,CHEMBL4513806
C=C1C(=O)O[C@@H]2/C=C(\C)CC/C=C(\C)C[C@@H](OC(=O)/C(=C\C)CO)[C@@H]12,0,CHEMBL5070918
Clc1cccc(-c2[nH]c3ccccc3c2-c2nc(-c3ccccc3)c(-c3ccccc3)n2-c2ccccc2)c1,0,CHEMBL4460633
CC(C)=CCC1=CC([C@H]2CC(=O)C3=C(C=C(O)C=C3O)O2)=CC(O)=C1O,1,5-Prenyleriodictyol-343
C[C@H]1CCC[C@@H](C1)Oc2c3ccc(cc3ncn2)N,0,B-129
O=C(/C=C(O)/C=C/c1ccc(O)c(O)c1)c1cc(Cl)ccc1O,0,CHEMBL4216309
O=C1NC(=S)S/C1=C\c1ccc(OCN2C(=O)c3ccccc3C2=O)c(Cl)c1,1,CHEMBL4289618
COc1ccc(NC(=O)Cn2cc(COc3cc(O)c4c(=O)c5cc(OC)ccc5oc4c3)nn2)c(OC)c1,0,CHEMBL4519790
O=C(COc1ccc2ccc(=O)oc2c1)N/N=C1\C(=O)N(Cc2ccccc2Cl)c2ccccc21,1,CHEMBL4441977
CC(C)n1cc(C2(c3cn(C(C)C)c4ccccc34)C(=O)Nc3ccccc32)c2ccccc21,1,CHEMBL4435550
Cc1ccc(C(Nc2ccc(-c3ccc(NC(c4ccc(C)cc4)n4nc(-c5cc(=O)oc6ccccc56)oc4=S)cc3)cc2)n2nc(-c3cc4ccccc4oc3=O)oc2=S)cc1,1,CHEMBL4448529
O=C(CSc1nnc(-c2ccc(Br)cc2)c(-c2ccc(Br)cc2)n1)Nc1nc(-c2ccc(F)cc2)cs1,1,CHEMBL4435963
Cc1ccc(C(c2c[nH]c3ccc(C(=O)NNS(=O)(=O)c4ccc(Br)cc4)cc23)c2c[nH]c3ccc(C(=O)NNS(=O)(=O)c4ccc(Br)cc4)cc23)cc1,1,CHEMBL4535006
CC(=CCC1=C2C(=C(C=C1O)O)C(=O)C=C(O2)C3=CC=C(C=C3)O)C,1,Licoflavone-C-179
[H]C1=C(O)C(O)=CC=C1C1=C([H])C(=O)C2=C(O)C(Cl)=C(O)C([H])=C2O1,1,103
CC(=CCC/C(=C/CC1=C(C(=CC(=C1)[C@@H]2CC(=O)C3=C(C=C(C=C3O2)O)O)O)O)/C)C,1,Isonymphaeol-B-388
COc1ccc(-n2c(-c3c(-c4cccc(Br)c4)[nH]c4ccccc34)nc(-c3ccccc3)c2-c2ccccc2)cc1,0,CHEMBL4576623
CCOC(=O)N1CCN(CC2=C(O)C=C3O[C@H](C4=CC=C(O)C=C4)CC(=O)C3=C2O)CC1,1,366
C=C(CCC=C(C)C)C(O)Cc1c(O)c(CC=C(C)C)c(O)c2c(=O)c3cc(O)ccc3oc12,0,CHEMBL4203265
OC[C@@H]1[C@@H](O)[C@H](O)C[S+]1C[C@@H](O)[C@@H](O)CO,0,CHEMBL1182462
OC[C@H]1[C@@H](O)[C@H](O)[C@@H](O)CN1CCCC(F)(F)COCc1ccc(-c2ccccc2)cc1,0,CHEMBL3354633
O=C(N/N=C\c1ccccn1)c1ccc(-c2nc3ccccc3s2)cc1,0,CHEMBL3407618
C1[C@H]([C@@H](OC2=CC(=CC(=C21)O)O)C3=CC(=C(C(=C3)O)O)O)OC(=O)C4=CC(=C(C(=C4)O)O)O,1,Gallocatechin-gallate-39
COc1cccc(/C=C2\SC(=O)NC2=O)c1OCN1C(=O)c2ccccc2C1=O,0,CHEMBL4294667
C=CCc1cc(-c2cc(CC=C)c3oc(SCc4nnc(-c5ccccc5C)o4)nc3c2)c2oc(SCc3nnc(-c4ccccc4C)o3)nc2c1,0,CHEMBL5178321
O=C1Nc2ccccc2C1(c1cn(Cc2ccccc2)c2ccccc12)c1cn(Cc2ccccc2)c2ccccc12,1,CHEMBL4445238
C1=CC=C(C=C1)C2=CC(=O)C3=C(O2)C=C(C(=C3O)O)O,1,Baicalein-23
[H]C1CC2=C(O)C=C(O[C@@H]3O[C@H](CO)[C@@H](O)[C@H](O)[C@H]3O)C=C2O[C@@H]1C1=CC=C(O)C(O)=C1,1,Luteoliflavan-7-O-glucoside-378
O=C1C=C(C2=CC=CC(OCC3=CC(C(F)(F)F)=CC=C3C(F)(F)F)=C2)OC2=CC=CC=C12,1,252
O=C(COc1ccc2ccc(=O)oc2c1)N/N=C1\C(=O)Nc2ccc(Br)cc21,1,CHEMBL4578640
Cc1cc2nnn(C(=O)c3ccccc3)c2cc1C,1,CHEMBL4446986
CCCCNC1C=C(CO)C(O)C(O)C1O,0,CHEMBL367666
[H]C1=C(O)C(OC)=C([H])C([H])=C1/C=N/NC(=O)C1=CC=C(C2=CC(=O)C3=CC=CC=C3O2)C=C1,1,196
O=C(NNC(=S)Nc1cccc([N+](=O)[O-])c1)c1ccc(-c2nnc(-c3ccccc3Cl)o2)cc1,1,CHEMBL4554478
CCC[C@@H](O)[C@H](OS(=O)(=O)[O-])[C@H](O)C[S@+]1C[C@@H](O)[C@H](O)[C@H]1CO,1,CHEMBL4757019
COc1cc(-c2ccc(OCc3ccc(-c4ccccc4)cc3)cc2)c(OC)c(O)c1-c1ccc(O)cc1,0,CHEMBL4202793
c1cc(c(c(c1)Br)N)c2nnc(n2N)N,0,B-038
COc1ccc(Br)cc1/C=N/c1nnc(-c2cccc([N+](=O)[O-])c2)s1,1,CHEMBL4442388
Cc1cc(O)cc(O)c1C(=O)O[C@H]1C2=COC(/C=C/CO)=CC2=CC(=O)[C@@]1(C)O,0,CHEMBL4207941
CC[C@@]1(C/C(=C\C)/C(=C(C1(C#N)C#N)N)C#N)C,0,B-158
O=c1oc2ccccc2cc1OCC(O)CSc1nnc(-c2ccco2)c(-c2ccco2)n1,0,CHEMBL4568819
O=C1NC(=O)/C(=C/c2cc(Cl)ccc2OCN2C(=O)c3ccccc3C2=O)S1,0,CHEMBL4287862
[H]C1=CC(O)=C(O)C(CC2=C3OC(C4=CC=CC=C4)=CC(=O)C3=C(O)C=C2O)=C1,1,Desmoscochinflavone-A-439
C[C@H]1[C@@H]([C@H]([C@H]([C@@H](O1)OC[C@@H]2[C@H]([C@@H]([C@H]([C@@H](O2)OC3=C(OC4=CC(=CC(=C4C3=O)O)O)C5=CC=C(C=C5)O)O)O)O)O)O)O,1,Nicotiflorin-218
c1cc(c(cc1C(=O)[O-])Br)NC(=O)N[C@H]2CCCC[C@H]2[NH3+],0,B-029
O=C(COc1ccc2ccc(=O)oc2c1)N/N=C1\C(=O)Nc2ccccc21,1,CHEMBL4526446
COc1ccc(NC(=O)Cn2cc(Cn3c(-c4cccc(Cl)c4)nc(-c4ccccc4)c3-c3ccccc3)nn2)cc1,0,CHEMBL3901221
O=[N+]([O-])c1ccccc1/C=N/c1nnc(-c2ccc(Cl)cc2)s1,1,CHEMBL4471901
O=c1oc2ccccc2cc1-c1nn(C(Nc2ccc(Oc3ccc(NC(c4ccc(Cl)cc4Cl)n4nc(-c5cc6ccccc6oc5=O)oc4=S)cc3)cc2)c2ccc(Cl)cc2Cl)c(=S)o1,1,CHEMBL4453742
C1=CC(=CC=C1C2=C(C(=O)C3=C(C=C(C=C3O2)O)O)O[C@H]4[C@@H]([C@H]([C@H]([C@H](O4)CO)O)O)O)O,1,Trifolin-383
Cn1cc(-c2nnc(-c3ccc(C(c4c[nH]c5ccc(Cl)cc45)c4c[nH]c5ccc(Cl)cc45)cc3)o2)c2ccccc21,0,CHEMBL4472054
C=C1CC[C@@H]2[C@](C)(COC(=O)c3cccnc3)[C@H](OC(=O)c3cccnc3)CC[C@@]2(C)[C@@H]1/C=C/C1=C/C(=C\c2ccc(Cl)cc2)OC1=O,1,CHEMBL394682
COc1ccc(Br)cc1/C=N/c1nnc(-c2ccc(Cl)cc2)s1,1,CHEMBL4469544
O=C1Nc2ccc(F)cc2/C1=N/Nc1nc(-c2ccc(F)cc2)cs1,1,CHEMBL4461266
[H]C1=C([H])C(/C=N/NC(=O)C2=CC=C(C3=CC(=O)C4=CC=CC=C4O3)C=C2)=C([H])C([H])=C1Cl,1,205
c1cc(c(cc1Oc2c3c(ncn2)CCC3)F)N,0,B-165
c1ccc2c(-c3nnc(-c4ccc(C(c5c[nH]c6ccccc56)c5c[nH]c6ccccc56)cc4)o3)c[nH]c2c1,0,CHEMBL4468782
O=C(Cc1ccc(Cl)cc1Cl)N/N=C1\C(=O)Nc2cc(Br)ccc21,1,CHEMBL4458470
Nc1c(C(c2ccc([N+](=O)[O-])cc2)c2c(N)c3ccccc3oc2=O)c(=O)oc2ccccc12,0,CHEMBL4556172
Nc1nnc(-c2ccc(OCc3ccccc3)cc2)s1,1,CHEMBL4468056
O=C(N/N=C/c1ccc(Cl)cc1)c1cc2ccccc2[nH]1,1,CHEMBL4515560
O=C(N/N=C/c1ccc([N+](=O)[O-])cc1)c1cc2ccccc2oc1=O,1,CHEMBL3590410
OC[C@@]1(O)C[C@H](NCc2ccc(Br)cc2)[C@H](O)[C@@H](O)[C@@H]1O,1,CHEMBL3349435
OCC1=C[C@H](NC(CO)CO)[C@H](O)[C@@H](O)[C@@H]1O,1,CHEMBL3349436
C/C(=C\CC1=C(O)C=C2OC(C3=CC=C(O)C=C3)=CC(=O)C2=C1O)CCC(O)C(C)(C)O,1,Mortatarin-C-232
C[C@@H]1CCC[C@@H](C1)Oc2c(cnc(n2)N)Cl,0,B-173
O=[N+]([O-])c1ccc(/C=N/c2nnc(-c3ccc(Cl)cc3)s2)cc1,1,CHEMBL4435535
COc1ccc([C@H](CC(=O)c2ccc3ccccc3c2)c2c[nH]c3ccccc23)cc1,1,CHEMBL4441979
CCCCCCCCCCCC(=O)N/N=C1\C(=O)Nc2ccccc21,1,CHEMBL4465201
O=C(COc1ccc2ccc(=O)oc2c1)N/N=C1\C(=O)N(Cc2ccccc2F)c2ccc(Cl)cc21,1,CHEMBL4516073
O=C1NC(=O)/C(=C/c2cc([N+](=O)[O-])ccc2OCN2C(=O)c3ccccc3C2=O)S1,0,CHEMBL4277205
COc1ccc(NC(=O)Cn2cc(COc3cc(O)c4c(=O)c5ccc(Br)cc5oc4c3)nn2)cc1OC,0,CHEMBL4580943
COc1cc(-c2ccc(O)cc2)c(OC)c(OC(=O)c2ccco2)c1-c1ccc(O)cc1,0,CHEMBL4210289
Cc1ccc2c(c1)/C(=N/Nc1nc(-c3ccc(O)cc3)cs1)C(=O)N2,1,CHEMBL4545784
CNC(=O)Nc1ccc(cc1)NC(=O)[C@H]2C[C@@H](C=C2)N,0,B-040
COc1ccc(NC(=O)Cn2cc(COc3cc(OC(C)=O)c4c(=O)c5cc(Br)ccc5oc4c3)nn2)cc1OC,0,CHEMBL4561766
OC1C(O)C(O)C2OC2C1O,0,CHEMBL174067
O=C(c1ccc(F)cc1)n1nnc2ccccc21,1,CHEMBL4451810
c1cc(c(cc1Cl)NC(=O)N[C@@H]2CCCC[C@@H]2[NH3+])C(=O)[O-],0,B-015
C=CCOc1ccc(-c2cc(OC)c(-c3ccc(O)cc3)c(O)c2OC)cc1,0,CHEMBL4217851
Cc1cc(cc(c1)F)n2c(c(nn2)N)C(C)C,0,B-138
Cc1cc2nnn(CC(=O)c3ccccc3O)c2cc1C,1,CHEMBL4577650
CCCCCCCCCC[C@@H](O)[C@H](OS(=O)(=O)[O-])[C@H](O)C[S@+]1C[C@@H](O)[C@H](O)[C@H]1CO,1,CHEMBL4779172
O=c1cc(-c2nn(C(Nc3ccc(-c4ccc(NC(c5ccc([N+](=O)[O-])cc5)n5nc(-c6cc7ccccc7oc6=O)oc5=S)cc4)cc3)c3ccc([N+](=O)[O-])cc3)c(=S)o2)c2ccccc2o1,1,CHEMBL4451108
O=c1cc(-c2nn(C(Nc3ccc(-c4ccc(NC(c5cccc(Cl)c5)n5nc(-c6cc7ccccc7oc6=O)oc5=S)cc4)cc3)c3cccc(Cl)c3)c(=S)o2)c2ccccc2o1,1,CHEMBL4461780
OC[C@@H]1[C@H](O)[C@H](O)[C@@H](O)CN1CCCCCOCC12CC3CC(CC(C3)C1)C2,0,CHEMBL1088158
[H][C@@]1(C2=C(O)C=C3OC=C(C4=CC=C(O)C=C4)C(=O)C3=C2O)C=C(C)CCC1C(=C)C,1,269
COc1ccc2c(=O)c3c(O)cc(OCc4cn(CC(=O)Nc5ccc(OC)c(OC)c5)nn4)cc3oc2c1,0,CHEMBL4446840
COc1cc(C(c2c(N)c3ccccc3oc2=O)c2c(N)c3ccccc3oc2=O)cc(Cl)c1O,0,CHEMBL4521721
CCCc1c2c(n(n1)C)NC3(CCC(CC3)C)CN2,0,B-146
Clc1cc(Cl)cc(Cn2cc(CSc3nc4ccccc4s3)nn2)c1,0,CHEMBL4475743
CCCCCCCO[C@@H](CO)[C@H](O)C[S+]1C[C@@H](O)[C@H](O)[C@H]1CO.[Cl-],1,CHEMBL3814911
Cc1ccc(C(c2c[nH]c3ccc(C(=O)NNS(=O)(=O)c4ccccc4Cl)cc23)c2c[nH]c3ccc(C(=O)NNS(=O)(=O)c4ccccc4Cl)cc23)cc1,1,CHEMBL4450153
C1=CC(=CC=C1C2=CC(=O)C3=C(C=C(C=C3O2)O[C@H]4[C@@H]([C@H]([C@@H]([C@H](O4)CO)O)O)O)O)O,1,Cosmosiin-163
COc1ccc2oc3cc(OCc4cn(CC(=O)Nc5ccc(OC)c(OC)c5)nn4)cc(OC(C)=O)c3c(=O)c2c1,0,CHEMBL4455066
C=CCOc1ccc(-c2cc(OC)c(-c3ccc(O)cc3)c(OCC=C)c2OC)cc1,0,CHEMBL4209056
O=C1Nc2ccccc2C1(c1cn(Cc2ccccc2F)c2ccccc12)c1cn(Cc2ccccc2F)c2ccccc12,1,CHEMBL4436320
O=C(N/N=C/c1ccccn1)c1cc2ccccc2oc1=O,1,CHEMBL4447231
C1=CC(=CC=C1C2=COC3=C(C2=O)C=CC(=C3[C@H]4[C@@H]([C@H]([C@@H]([C@H](O4)CO)O)O)O)O)O,1,Puerarin-77
COC1=C(C=CC(=C1)C2=CC(=O)C3=C(C=C(C=C3O2)O)O)O,1,Chrysoeriol-107
COc1ccc2oc3cc(OCc4cn(CC(=O)Nc5ccc(OC)c(OC)c5)nn4)cc(O)c3c(=O)c2c1,0,CHEMBL4444626
COC1=CC=C(C=C1)C2=CC(=O)C3=C(O2)C=C(C(=C3O)OC)O,1,Pectolinarigenin-274
C(=N/Nc1nc(-c2ccc(-c3ccccc3)cc2)cs1)\c1cccc2ccccc12,1,CHEMBL4476389
O=C(Cn1cc(COc2cc(O)c3c(=O)c4cc(Br)ccc4oc3c2)nn1)Nc1ccc(O)c(O)c1,1,CHEMBL4580728
OC[C@@H](N[C@H]1C[C@](O)(CO)[C@@H](O)[C@H](O)[C@H]1O)c1ccccc1,0,CHEMBL2374252
COC(=O)c1cn(C[C@@H](C)Oc2ccc(Br)cc2OC)nn1,0,CHEMBL4553154
O=C(N/N=C/c1cccc(O)c1O)c1cc2ccccc2oc1=O,1,CHEMBL4532196
COc1ccc(-c2csc(N/N=C3\C(=O)N(Cc4ccccc4F)c4ccc(C)cc43)n2)cc1,1,CHEMBL4465548
CC(=CCC/C(=C/CC1=C(C=CC(=C1O)O)[C@@H]2CC(=O)C3=C(C=C(C=C3O2)O)O)/C)C,1,Nymphaeol-B-386
C[C@@H]1CCCCCN1C(=O)c2c(ccc(n2)NN)Cl,0,B-076
COc1ccc(NC(=S)NNC(=O)c2ccc(-c3nnc(-c4ccccc4Cl)o3)cc2)cc1,1,CHEMBL4526013
Nc1nnc(-c2ccc(Cl)cc2)s1,1,CHEMBL1383520
Cc1[nH]c2ccccc2c1-c1nnc(-c2ccc(C(c3c[nH]c4ccc(Cl)cc34)c3c[nH]c4ccc(Cl)cc34)cc2)o1,0,CHEMBL4475117
CCC1NC(CC)C(O)C(O)C1O,0,CHEMBL4238409
Cc1cc(C)c2c(c1)/C(=N/Nc1nc(-c3ccc(Br)cc3)cs1)C(=O)N2,1,CHEMBL4446848
Cc1cc2nnn(CC(=O)c3ccc(Cl)cc3)c2cc1C,1,CHEMBL4449615
Cc1ccc(C(Nc2ccc(NC(c3ccc(C)cc3)n3nc(-c4cc(=O)oc5ccccc45)oc3=S)cc2)n2nc(-c3cc4ccccc4oc3=O)oc2=S)cc1,1,CHEMBL4468873
Oc1ccc(/C=N/c2nnc(-c3ccc(Cl)cc3)s2)cc1,1,CHEMBL4564900
Cc1cc(O)c2c(c1)-c1c(-c3c[nH]c4ccccc34)c(=O)oc3c1c-2c(O)c1cccc(O)c13,1,CHEMBL5194087
CC(C)(O)C1=CC2=C3O[C@H](C4=CC=C(O)C=C4)CC(=O)C3=CC=C2C1,1,Bavachinone-B-451
COc1cc(-c2ccc(OCC=C(C)C)cc2)c(OC)c(OCC=C(C)C)c1-c1ccc(O)cc1,0,CHEMBL4218969
C[C@H]1[C@@H]([C@H]([C@H]([C@@H](O1)O[C@@H]2[C@H]([C@@H]([C@H](O[C@H]2C3=C(C4=C(C=C3O)OC(=CC4=O)C5=CC=C(C=C5)O)O)CO)O)O)O)O)O,1,Isovitexin-2-O-rhamnoside-169
CC(=CCC1=CC2=C(C=C1O)OC(=CC2=O)C3=CC=C(C=C3)O)C,1,Licoflavone-A-178
Cc1ccncc1NC(=O)N[C@@H]2CC[C@@H](C[C@@H]2C)C,0,B-131
O=C(N/N=C/c1ccc(O)cc1O)c1ccc(-c2nc3ccccc3s2)cc1,1,CHEMBL3407627
O=S(=O)([O-])O[C@@H](CO)[C@H](O)C[S@+]1C[C@@H](O)[C@H](O)[C@H]1CO,1,CHEMBL1208974
O=C1Nc2ccc(Br)cc2C1(c1c[nH]c2ccccc12)c1c[nH]c2ccccc12,1,CHEMBL4590423
O=C1NC(=O)/C(=C\c2ccc(-n3cc([N+](=O)[O-])cn3)cc2)S1,1,CHEMBL4456879
CN(C)c1ccc(-c2nnc(N)s2)cc1,1,CHEMBL4532290
Clc1ccc2sc(SCc3cn(Cc4ccccc4Cl)nn3)nc2c1,0,CHEMBL4526264
CCCCN1C[C@H](O)[C@@H](O)[C@H](O)[C@H]1CO,1,CHEMBL1029
O=C(N/N=C1\S/C(=C\c2ccc(F)cc2)C(=O)N1c1ccc(Cl)cc1)c1cc2ccccc2oc1=O,1,CHEMBL4516968
C1Cc2c(nnn2c3c(non3)N)/C(=N\NC(=S)N)/C1,0,B-034
O=C(c1ccccc1)n1nnc2ccccc21,1,CHEMBL1288725
COc1ccc(NC(=O)Cn2cc(COc3cc(O)c4c(=O)c5ccc(OC)cc5oc4c3)nn2)c(OC)c1,1,CHEMBL4529174
C1=CC(=C(C=C1C2=CC(=O)C3=C(C=C(C=C3O2)O)O)O)O,1,Luteolin-1
Nc1cc(C(=O)n2nnc3ccccc32)ccc1Cl,1,CHEMBL4437073
COc1ccc(Cc2nnc(-c3ccc(Cl)cc3)n2Cc2nn(CN3CCN(C)CC3)c(=S)o2)cc1,1,CHEMBL4559187
C1=C(C=C(C(=C1O)O)O)C2=C(C(=O)C3=C(C=C(C=C3O2)O)O)O,1,Myricetin-24
c1cc(c(c(c1)F)C#N)Nc2ccc(c(c2)N)S(=O)(=O)N,0,B-042
Cc1c(cc(s1)C(=O)Nc2cccc(c2)S(=O)(=O)N)N,0,B-007
c1ccc2c(c1)ccc(n2)Cc3c(nsn3)N,0,B-174
O=C(c1ccccc1)n1nnc2cc(Cl)c(Cl)cc21,1,CHEMBL4440745
C1[C@H](OC2=CC(=CC(=C2C1=O)O)O)C3=CC(=C(C=C3)O)O,1,Eriodictyol-41
[H]/N=C\1/[C@@]2(C[C@H](CC[C@@H]2C)C)N(C(=O)N1)CCC,0,B-141
C1[C@@H]([C@H](OC2=CC(=CC(=C21)O)O[C@H]3[C@@H]([C@H]([C@@H]([C@H](O3)CO)O)O)O)C4=CC(=C(C=C4)O)O)O,1,Catechin-7-O-glucoside-379
O=C(N/N=C/c1ccccc1O)c1cc2ccccc2oc1=O,1,CHEMBL4558252
[H]C1=CC=C(C2=C([H])C(=O)C3=C([H])C([H])=C(O)C([H])=C3O2)C([H])=C1O,1,92
COc1c(O)cc2oc3cc4c(c(O)c3c(=O)c2c1CC=C(C)C)C=CC(C)(C)O4,0,CHEMBL561643
O=C(Cn1nnc2ccccc21)c1ccc(-c2ccccc2)cc1,1,CHEMBL4515373
O=C(N/N=C/c1cccs1)c1ccc(-c2nc3ccccc3s2)cc1,0,CHEMBL3407621
O=C(N/N=C/c1ccc(O)c(Br)c1)c1ccc(-c2nc3ccccc3s2)cc1,0,CHEMBL3407638
Nc1nnc(-c2ccc(Cl)c(OCc3ccccc3)c2)s1,1,CHEMBL4442881
Cc1ccc2c(c1)/C(=N/Nc1nc(-c3ccc(O)cc3)cs1)C(=O)N2Cc1ccccc1F,1,CHEMBL4460518
COc1ccc(/C=N/NC(=O)c2ccc(-c3nc4ccccc4s3)cc2)cc1,0,CHEMBL3407636
Cc1c(n(c2c1c(ncn2)N)[C@@H]3CC[C@H](C[C@@H]3C)C)C,0,B-120
CC1(C=CC2=C(O1)C=CC(=C2O)C3=COC4=C(C3=O)C=CC(=C4)O)C,1,Glabrone-177
COc1ccc(-c2ccc(O[C@H](C)Cn3cc(-c4ccc(C(F)(F)F)cc4)nn3)c(OC)c2)cc1,0,CHEMBL4465339
CC(C)c1nc2ccc(N3C(=O)CSC3c3ccc([N+](=O)[O-])cc3)cc2[nH]c1=O,0,CHEMBL5187552
C[C@]12CC[C@H](C1)C([C@H]2NC(=O)c3c(cn(n3)C)N)(C)C,0,B-083
CC(C)=CCC/C(C)=C/Cc1c(O)c(CC=C(C)C)c(O)c2c(=O)c3cc(O)ccc3oc12,0,CHEMBL1782241
CC(=CCC1=C2C(=C(C=C1O)O)C(=O)C(=C(O2)C3=CC(=C(C=C3)O)O)O)C,1,8-Prenylquercetin-228
Cc1ccc(-c2cc(-c3cccc(Br)c3)nc(SCc3cccc(F)c3)n2)cc1,0,CHEMBL4568608
C[C@@H]1CCC[C@@](C1)(CNC(=O)N2CCCCCC2)O,0,B-133
CC(=CCC/C(=C/CC1=C(C2=C(C=C1O)O[C@@H](CC2=O)C3=CC(=C(C=C3)O)O)O)/C)C,1,Nymphaeol-A-385
O=C(NNC(=S)Nc1ccc(C(F)(F)F)cc1)c1ccc(-c2nnc(-c3ccccc3Cl)o2)cc1,1,CHEMBL4582990
O=C(c1ccc([N+](=O)[O-])cc1)n1nnc2ccccc21,1,CHEMBL4515499
[H]C1=C(O)C(/C=N/NC(=O)C2=CC=C(C3=CC(=O)C4=CC=CC=C4O3)C=C2)=C([H])C(OC)=C1[H],1,197
COc1cc(/C=N/NC(=O)c2ccc(-c3nc4ccccc4s3)cc2)cc(OC)c1,0,CHEMBL3407633
CC(C)=CCC/C(C)=C/CC/C(C)=C/CCC(C)(O)CCc1c(O)c(O)cc2oc3cc(O)cc(O)c3c(=O)c12,0,CHEMBL4564699
CCOC(=O)C1=C(Nc2cccc(Br)c2)C[C@@H](c2ccc(Cl)cc2)N(c2cccc(Br)c2)[C@@H]1c1ccc(Cl)cc1,1,CHEMBL4568178
Cc1ccc(C(=O)Cn2nnc3ccccc32)cc1,1,CHEMBL1409618
CC(C)=CCC1=C(C2=CC=C(O)C=C2O)OC2=C(CC3OC3C)C(O)=CC(O)=C2C1=O,1,Mortatarin-A-230
Cc1ccc(c(c1)n2c(c(nn2)N)C(C)C)F,0,B-137
O=C1/C(=C/c2ccccc2)CCC/C1=C\c1ccc(O)cc1,0,CHEMBL4072055
